#
# There is insufficient memory for the Java Runtime Environment to continue.
# Native memory allocation (malloc) failed to allocate 1793936 bytes. Error detail: Chunk::new
# Possible reasons:
#   The system is out of physical RAM or swap space
#   This process is running with CompressedOops enabled, and the Java Heap may be blocking the growth of the native heap
# Possible solutions:
#   Reduce memory load on the system
#   Increase physical memory or swap space
#   Check if swap backing store is full
#   Decrease Java heap size (-Xmx/-Xms)
#   Decrease number of Java threads
#   Decrease Java thread stack sizes (-Xss)
#   Set larger code cache with -XX:ReservedCodeCacheSize=
#   JVM is running with Unscaled Compressed Oops mode in which the Java heap is
#     placed in the first 4GB address space. The Java Heap base address is the
#     maximum limit for the native heap growth. Please use -XX:HeapBaseMinAddress
#     to set the Java Heap base and to place the Java Heap above 4GB virtual address.
# This output file may be truncated or incomplete.
#
#  Out of Memory Error (arena.cpp:168), pid=28356, tid=2508
#
# JRE version: OpenJDK Runtime Environment Temurin-21.0.10+7 (21.0.10+7) (build 21.0.10+7-LTS)
# Java VM: OpenJDK 64-Bit Server VM Temurin-21.0.10+7 (21.0.10+7-LTS, mixed mode, sharing, tiered, compressed oops, compressed class ptrs, g1 gc, windows-amd64)
# No core dump will be written. Minidumps are not enabled by default on client versions of Windows
#

---------------  S U M M A R Y ------------

Command Line: --add-opens=java.base/java.lang=ALL-UNNAMED --add-opens=java.base/java.lang.invoke=ALL-UNNAMED --add-opens=java.base/java.util=ALL-UNNAMED --add-opens=java.prefs/java.util.prefs=ALL-UNNAMED --add-exports=jdk.compiler/com.sun.tools.javac.api=ALL-UNNAMED --add-exports=jdk.compiler/com.sun.tools.javac.util=ALL-UNNAMED --add-opens=java.base/java.util=ALL-UNNAMED --add-opens=java.prefs/java.util.prefs=ALL-UNNAMED --add-opens=java.base/java.nio.charset=ALL-UNNAMED --add-opens=java.base/java.net=ALL-UNNAMED --add-opens=java.base/java.util.concurrent.atomic=ALL-UNNAMED --add-opens=java.xml/javax.xml.namespace=ALL-UNNAMED -XX:MaxMetaspaceSize=512m -XX:ReservedCodeCacheSize=256m -XX:+HeapDumpOnOutOfMemoryError -Xmx2048m -Dfile.encoding=UTF-8 -Duser.country=US -Duser.language=en -Duser.variant -javaagent:C:\Users\Vert\.gradle\wrapper\dists\gradle-8.14-all\c2qonpi39x1mddn7hk5gh9iqj\gradle-8.14\lib\agents\gradle-instrumentation-agent-8.14.jar org.gradle.launcher.daemon.bootstrap.GradleDaemon 8.14

Host: 11th Gen Intel(R) Core(TM) i5-11400H @ 2.70GHz, 12 cores, 7G,  Windows 11 , 64 bit Build 26100 (10.0.26100.8328)
Time: Sat May 16 03:25:29 2026 SE Asia Standard Time elapsed time: 68.463440 seconds (0d 0h 1m 8s)

---------------  T H R E A D  ---------------

Current thread (0x000001942bc3dc90):  JavaThread "C2 CompilerThread0" daemon [_thread_in_native, id=2508, stack(0x0000000b41c00000,0x0000000b41d00000) (1024K)]


Current CompileTask:
C2:68464 18384   !   4       org.gradle.api.internal.DefaultNamedDomainObjectCollection$AbstractDomainObjectCreatingProvider::tryCreate (181 bytes)

Stack: [0x0000000b41c00000,0x0000000b41d00000]
Native frames: (J=compiled Java code, j=interpreted, Vv=VM code, C=native code)
V  [jvm.dll+0x6d7a39]
V  [jvm.dll+0x8b4b26]
V  [jvm.dll+0x8b70de]
V  [jvm.dll+0x8b77c3]
V  [jvm.dll+0x284346]
V  [jvm.dll+0xc66ed]
V  [jvm.dll+0xc6c31]
V  [jvm.dll+0x3bec01]
V  [jvm.dll+0x38b162]
V  [jvm.dll+0x38a5aa]
V  [jvm.dll+0x24c560]
V  [jvm.dll+0x24bb40]
V  [jvm.dll+0x1cb34e]
V  [jvm.dll+0x25b85d]
V  [jvm.dll+0x259dea]
V  [jvm.dll+0x3f857e]
V  [jvm.dll+0x85f59d]
V  [jvm.dll+0x6d626d]
C  [ucrtbase.dll+0x37b0]
C  [KERNEL32.DLL+0x2e957]
C  [ntdll.dll+0x427c]


---------------  P R O C E S S  ---------------

Threads class SMR info:
_java_thread_list=0x000001945204cc80, length=73, elements={
0x0000019413020e00, 0x000001942bc2e530, 0x000001942bc2ef90, 0x000001942bc32ba0,
0x000001942bc359e0, 0x000001942bc36440, 0x000001942bc37250, 0x000001942bc3dc90,
0x000001942bc49590, 0x000001944b1be6a0, 0x000001944b293430, 0x000001944ca0d470,
0x000001944cbe80a0, 0x000001944cc00ce0, 0x000001944cd09d10, 0x000001944cd11320,
0x000001944cd7a0e0, 0x000001944cd966f0, 0x000001944cd9d020, 0x000001944cd9bc70,
0x000001944cd9c300, 0x000001944cd9d6b0, 0x000001944cd9b5e0, 0x000001944cd9c990,
0x000001944cd9a8c0, 0x000001944cd9af50, 0x000001944ea6e690, 0x000001944ea6e000,
0x000001944ea700d0, 0x000001944ea70760, 0x000001944ea70df0, 0x000001944ea6d970,
0x000001944ea73550, 0x000001944ea74270, 0x000001944ea74900, 0x000001944ea71480,
0x000001944ea74f90, 0x000001944ea72830, 0x000001944f635e50, 0x000001944f6357c0,
0x000001944f6364e0, 0x000001944f6392d0, 0x000001944f637f20, 0x000001944f6385b0,
0x000001944f639960, 0x000001945125d6e0, 0x000001945125dd70, 0x000001945125d050,
0x000001945125f7b0, 0x00000194520e9ae0, 0x000001944fb0e770, 0x000001944fc4b840,
0x000001944fc4ab20, 0x000001944fc4bed0, 0x000001944fc4a490, 0x000001944fc490e0,
0x000001944fc4cbf0, 0x00000194520eb520, 0x00000194520ebbb0, 0x000001944f639ff0,
0x000001944f63a680, 0x000001944f637890, 0x0000019451261f10, 0x000001944fb0ac60,
0x000001944fb08b90, 0x000001944fb0a5d0, 0x000001944fb0b2f0, 0x000001944fb07e70,
0x000001944fc86be0, 0x000001944fc851a0, 0x000001944fc85ec0, 0x000001944fc802e0,
0x000001944d07bfc0
}

Java Threads: ( => current thread )
  0x0000019413020e00 JavaThread "main"                              [_thread_blocked, id=25316, stack(0x0000000b40e00000,0x0000000b40f00000) (1024K)]
  0x000001942bc2e530 JavaThread "Reference Handler"          daemon [_thread_blocked, id=17740, stack(0x0000000b41600000,0x0000000b41700000) (1024K)]
  0x000001942bc2ef90 JavaThread "Finalizer"                  daemon [_thread_blocked, id=1808, stack(0x0000000b41700000,0x0000000b41800000) (1024K)]
  0x000001942bc32ba0 JavaThread "Signal Dispatcher"          daemon [_thread_blocked, id=18528, stack(0x0000000b41800000,0x0000000b41900000) (1024K)]
  0x000001942bc359e0 JavaThread "Attach Listener"            daemon [_thread_blocked, id=12576, stack(0x0000000b41900000,0x0000000b41a00000) (1024K)]
  0x000001942bc36440 JavaThread "Service Thread"             daemon [_thread_blocked, id=19744, stack(0x0000000b41a00000,0x0000000b41b00000) (1024K)]
  0x000001942bc37250 JavaThread "Monitor Deflation Thread"   daemon [_thread_blocked, id=4196, stack(0x0000000b41b00000,0x0000000b41c00000) (1024K)]
=>0x000001942bc3dc90 JavaThread "C2 CompilerThread0"         daemon [_thread_in_native, id=2508, stack(0x0000000b41c00000,0x0000000b41d00000) (1024K)]
  0x000001942bc49590 JavaThread "C1 CompilerThread0"         daemon [_thread_blocked, id=23348, stack(0x0000000b41d00000,0x0000000b41e00000) (1024K)]
  0x000001944b1be6a0 JavaThread "Common-Cleaner"             daemon [_thread_blocked, id=13504, stack(0x0000000b41e00000,0x0000000b41f00000) (1024K)]
  0x000001944b293430 JavaThread "Notification Thread"        daemon [_thread_blocked, id=16120, stack(0x0000000b41f00000,0x0000000b42000000) (1024K)]
  0x000001944ca0d470 JavaThread "Daemon health stats"               [_thread_blocked, id=6128, stack(0x0000000b42700000,0x0000000b42800000) (1024K)]
  0x000001944cbe80a0 JavaThread "Incoming local TCP Connector on port 54314"        [_thread_in_native, id=12432, stack(0x0000000b42200000,0x0000000b42300000) (1024K)]
  0x000001944cc00ce0 JavaThread "Daemon periodic checks"            [_thread_blocked, id=27604, stack(0x0000000b42800000,0x0000000b42900000) (1024K)]
  0x000001944cd09d10 JavaThread "Daemon"                            [_thread_blocked, id=25512, stack(0x0000000b42900000,0x0000000b42a00000) (1024K)]
  0x000001944cd11320 JavaThread "Handler for socket connection from /127.0.0.1:54314 to /127.0.0.1:54315"        [_thread_in_native, id=15264, stack(0x0000000b42a00000,0x0000000b42b00000) (1024K)]
  0x000001944cd7a0e0 JavaThread "Cancel handler"                    [_thread_blocked, id=17152, stack(0x0000000b42b00000,0x0000000b42c00000) (1024K)]
  0x000001944cd966f0 JavaThread "Daemon worker"                     [_thread_in_Java, id=21828, stack(0x0000000b42c00000,0x0000000b42d00000) (1024K)]
  0x000001944cd9d020 JavaThread "Asynchronous log dispatcher for DefaultDaemonConnection: socket connection from /127.0.0.1:54314 to /127.0.0.1:54315"        [_thread_blocked, id=22256, stack(0x0000000b42d00000,0x0000000b42e00000) (1024K)]
  0x000001944cd9bc70 JavaThread "Stdin handler"                     [_thread_blocked, id=13380, stack(0x0000000b42e00000,0x0000000b42f00000) (1024K)]
  0x000001944cd9c300 JavaThread "Daemon client event forwarder"        [_thread_blocked, id=16432, stack(0x0000000b42f00000,0x0000000b43000000) (1024K)]
  0x000001944cd9d6b0 JavaThread "Cache worker for journal cache (C:\Users\Vert\.gradle\caches\journal-1)"        [_thread_blocked, id=7336, stack(0x0000000b43000000,0x0000000b43100000) (1024K)]
  0x000001944cd9b5e0 JavaThread "File lock request listener"        [_thread_in_native, id=25428, stack(0x0000000b43100000,0x0000000b43200000) (1024K)]
  0x000001944cd9c990 JavaThread "Cache worker for file hash cache (C:\Users\Vert\.gradle\caches\8.14\fileHashes)"        [_thread_blocked, id=10872, stack(0x0000000b43300000,0x0000000b43400000) (1024K)]
  0x000001944cd9a8c0 JavaThread "Cache worker for file hash cache (C:\Users\Vert\Desktop\sbku_app\frontend\android\.gradle\8.14\fileHashes)"        [_thread_blocked, id=25520, stack(0x0000000b43900000,0x0000000b43a00000) (1024K)]
  0x000001944cd9af50 JavaThread "Cache worker for Build Output Cleanup Cache (C:\Users\Vert\Desktop\sbku_app\frontend\android\.gradle\buildOutputCleanup)"        [_thread_blocked, id=20768, stack(0x0000000b43a00000,0x0000000b43b00000) (1024K)]
  0x000001944ea6e690 JavaThread "File watcher server"        daemon [_thread_in_native, id=22444, stack(0x0000000b43b00000,0x0000000b43c00000) (1024K)]
  0x000001944ea6e000 JavaThread "File watcher consumer"      daemon [_thread_blocked, id=22676, stack(0x0000000b43c00000,0x0000000b43d00000) (1024K)]
  0x000001944ea700d0 JavaThread "Cache worker for checksums cache (C:\Users\Vert\Desktop\sbku_app\frontend\android\.gradle\8.14\checksums)"        [_thread_blocked, id=15848, stack(0x0000000b43d00000,0x0000000b43e00000) (1024K)]
  0x000001944ea70760 JavaThread "Cache worker for file content cache (C:\Users\Vert\.gradle\caches\8.14\fileContent)"        [_thread_blocked, id=25280, stack(0x0000000b43e00000,0x0000000b43f00000) (1024K)]
  0x000001944ea70df0 JavaThread "Cache worker for cache directory md-supplier (C:\Users\Vert\.gradle\caches\8.14\md-supplier)"        [_thread_blocked, id=27388, stack(0x0000000b43f00000,0x0000000b44000000) (1024K)]
  0x000001944ea6d970 JavaThread "Cache worker for cache directory md-rule (C:\Users\Vert\.gradle\caches\8.14\md-rule)"        [_thread_blocked, id=13296, stack(0x0000000b44000000,0x0000000b44100000) (1024K)]
  0x000001944ea73550 JavaThread "Cache worker for Build Output Cleanup Cache (C:\dev\flutter\packages\flutter_tools\gradle\.gradle\buildOutputCleanup)"        [_thread_blocked, id=3048, stack(0x0000000b44100000,0x0000000b44200000) (1024K)]
  0x000001944ea74270 JavaThread "Unconstrained build operations"        [_thread_blocked, id=25760, stack(0x0000000b44200000,0x0000000b44300000) (1024K)]
  0x000001944ea74900 JavaThread "Unconstrained build operations Thread 2"        [_thread_blocked, id=25008, stack(0x0000000b44300000,0x0000000b44400000) (1024K)]
  0x000001944ea71480 JavaThread "Unconstrained build operations Thread 3"        [_thread_blocked, id=24456, stack(0x0000000b44400000,0x0000000b44500000) (1024K)]
  0x000001944ea74f90 JavaThread "Memory manager"                    [_thread_blocked, id=22976, stack(0x0000000b44500000,0x0000000b44600000) (1024K)]
  0x000001944ea72830 JavaThread "build event listener"              [_thread_blocked, id=26716, stack(0x0000000b44600000,0x0000000b44700000) (1024K)]
  0x000001944f635e50 JavaThread "included builds"                   [_thread_blocked, id=17880, stack(0x0000000b44700000,0x0000000b44800000) (1024K)]
  0x000001944f6357c0 JavaThread "Execution worker"                  [_thread_blocked, id=11760, stack(0x0000000b44800000,0x0000000b44900000) (1024K)]
  0x000001944f6364e0 JavaThread "Cache worker for execution history cache (C:\dev\flutter\packages\flutter_tools\gradle\.gradle\8.14\executionHistory)"        [_thread_blocked, id=6076, stack(0x0000000b44900000,0x0000000b44a00000) (1024K)]
  0x000001944f6392d0 JavaThread "Unconstrained build operations Thread 4"        [_thread_blocked, id=27104, stack(0x0000000b44a00000,0x0000000b44b00000) (1024K)]
  0x000001944f637f20 JavaThread "Unconstrained build operations Thread 5"        [_thread_blocked, id=21128, stack(0x0000000b44b00000,0x0000000b44c00000) (1024K)]
  0x000001944f6385b0 JavaThread "Unconstrained build operations Thread 6"        [_thread_blocked, id=12556, stack(0x0000000b44c00000,0x0000000b44d00000) (1024K)]
  0x000001944f639960 JavaThread "Unconstrained build operations Thread 7"        [_thread_blocked, id=17856, stack(0x0000000b44d00000,0x0000000b44e00000) (1024K)]
  0x000001945125d6e0 JavaThread "Unconstrained build operations Thread 8"        [_thread_blocked, id=1952, stack(0x0000000b44e00000,0x0000000b44f00000) (1024K)]
  0x000001945125dd70 JavaThread "Unconstrained build operations Thread 9"        [_thread_blocked, id=24652, stack(0x0000000b44f00000,0x0000000b45000000) (1024K)]
  0x000001945125d050 JavaThread "Unconstrained build operations Thread 10"        [_thread_blocked, id=28496, stack(0x0000000b45000000,0x0000000b45100000) (1024K)]
  0x000001945125f7b0 JavaThread "build event listener"              [_thread_blocked, id=24880, stack(0x0000000b45100000,0x0000000b45200000) (1024K)]
  0x00000194520e9ae0 JavaThread "jar transforms"                    [_thread_blocked, id=22604, stack(0x0000000b45200000,0x0000000b45300000) (1024K)]
  0x000001944fb0e770 JavaThread "Unconstrained build operations Thread 11"        [_thread_blocked, id=27732, stack(0x0000000b43200000,0x0000000b43300000) (1024K)]
  0x000001944fc4b840 JavaThread "Unconstrained build operations Thread 12"        [_thread_blocked, id=7504, stack(0x0000000b45400000,0x0000000b45500000) (1024K)]
  0x000001944fc4ab20 JavaThread "Unconstrained build operations Thread 13"        [_thread_blocked, id=17956, stack(0x0000000b45300000,0x0000000b45400000) (1024K)]
  0x000001944fc4bed0 JavaThread "jar transforms Thread 2"           [_thread_blocked, id=25168, stack(0x0000000b45500000,0x0000000b45600000) (1024K)]
  0x000001944fc4a490 JavaThread "Problems report writer"            [_thread_blocked, id=23168, stack(0x0000000b45600000,0x0000000b45700000) (1024K)]
  0x000001944fc490e0 JavaThread "jar transforms Thread 3"           [_thread_blocked, id=19696, stack(0x0000000b45800000,0x0000000b45900000) (1024K)]
  0x000001944fc4cbf0 JavaThread "jar transforms Thread 4"           [_thread_blocked, id=18576, stack(0x0000000b45900000,0x0000000b45a00000) (1024K)]
  0x00000194520eb520 JavaThread "jar transforms Thread 5"           [_thread_blocked, id=26500, stack(0x0000000b45a00000,0x0000000b45b00000) (1024K)]
  0x00000194520ebbb0 JavaThread "jar transforms Thread 6"           [_thread_blocked, id=3992, stack(0x0000000b45b00000,0x0000000b45c00000) (1024K)]
  0x000001944f639ff0 JavaThread "jar transforms Thread 7"           [_thread_blocked, id=21576, stack(0x0000000b45c00000,0x0000000b45d00000) (1024K)]
  0x000001944f63a680 JavaThread "jar transforms Thread 8"           [_thread_blocked, id=8756, stack(0x0000000b45d00000,0x0000000b45e00000) (1024K)]
  0x000001944f637890 JavaThread "jar transforms Thread 9"           [_thread_blocked, id=27168, stack(0x0000000b45e00000,0x0000000b45f00000) (1024K)]
  0x0000019451261f10 JavaThread "jar transforms Thread 10"          [_thread_blocked, id=24244, stack(0x0000000b45f00000,0x0000000b46000000) (1024K)]
  0x000001944fb0ac60 JavaThread "jar transforms Thread 11"          [_thread_blocked, id=9296, stack(0x0000000b46000000,0x0000000b46100000) (1024K)]
  0x000001944fb08b90 JavaThread "jar transforms Thread 12"          [_thread_blocked, id=16884, stack(0x0000000b46100000,0x0000000b46200000) (1024K)]
  0x000001944fb0a5d0 JavaThread "Unconstrained build operations Thread 14"        [_thread_blocked, id=26408, stack(0x0000000b46200000,0x0000000b46300000) (1024K)]
  0x000001944fb0b2f0 JavaThread "Unconstrained build operations Thread 15"        [_thread_blocked, id=4352, stack(0x0000000b46300000,0x0000000b46400000) (1024K)]
  0x000001944fb07e70 JavaThread "Unconstrained build operations Thread 16"        [_thread_blocked, id=28332, stack(0x0000000b46400000,0x0000000b46500000) (1024K)]
  0x000001944fc86be0 JavaThread "Unconstrained build operations Thread 17"        [_thread_blocked, id=5576, stack(0x0000000b45700000,0x0000000b45800000) (1024K)]
  0x000001944fc851a0 JavaThread "Unconstrained build operations Thread 18"        [_thread_blocked, id=24220, stack(0x0000000b46500000,0x0000000b46600000) (1024K)]
  0x000001944fc85ec0 JavaThread "Unconstrained build operations Thread 19"        [_thread_blocked, id=14788, stack(0x0000000b46600000,0x0000000b46700000) (1024K)]
  0x000001944fc802e0 JavaThread "Unconstrained build operations Thread 20"        [_thread_blocked, id=2628, stack(0x0000000b46700000,0x0000000b46800000) (1024K)]
  0x000001944d07bfc0 JavaThread "C2 CompilerThread1"         daemon [_thread_blocked, id=25828, stack(0x0000000b40b00000,0x0000000b40c00000) (1024K)]
Total: 73

Other Threads:
  0x000001942bc094d0 VMThread "VM Thread"                           [id=18640, stack(0x0000000b41500000,0x0000000b41600000) (1024K)]
  0x000001942bbf1ad0 WatcherThread "VM Periodic Task Thread"        [id=18064, stack(0x0000000b41400000,0x0000000b41500000) (1024K)]
  0x000001941307a8d0 WorkerThread "GC Thread#0"                     [id=7116, stack(0x0000000b40f00000,0x0000000b41000000) (1024K)]
  0x000001944b5a1b30 WorkerThread "GC Thread#1"                     [id=23768, stack(0x0000000b42000000,0x0000000b42100000) (1024K)]
  0x000001944b56e5b0 WorkerThread "GC Thread#2"                     [id=2624, stack(0x0000000b42100000,0x0000000b42200000) (1024K)]
  0x000001944c14a740 WorkerThread "GC Thread#3"                     [id=28404, stack(0x0000000b42300000,0x0000000b42400000) (1024K)]
  0x000001944c12f460 WorkerThread "GC Thread#4"                     [id=27816, stack(0x0000000b42400000,0x0000000b42500000) (1024K)]
  0x000001944c82c4d0 WorkerThread "GC Thread#5"                     [id=3748, stack(0x0000000b42500000,0x0000000b42600000) (1024K)]
  0x000001944c9d5f10 WorkerThread "GC Thread#6"                     [id=26952, stack(0x0000000b42600000,0x0000000b42700000) (1024K)]
  0x000001944cdcd5b0 WorkerThread "GC Thread#7"                     [id=2972, stack(0x0000000b43400000,0x0000000b43500000) (1024K)]
  0x000001944cdcc340 WorkerThread "GC Thread#8"                     [id=26200, stack(0x0000000b43500000,0x0000000b43600000) (1024K)]
  0x000001944cdccaa0 WorkerThread "GC Thread#9"                     [id=19100, stack(0x0000000b43600000,0x0000000b43700000) (1024K)]
  0x000001941308c650 ConcurrentGCThread "G1 Main Marker"            [id=25716, stack(0x0000000b41000000,0x0000000b41100000) (1024K)]
  0x000001941308e080 WorkerThread "G1 Conc#0"                       [id=16100, stack(0x0000000b41100000,0x0000000b41200000) (1024K)]
  0x000001944cef3e80 WorkerThread "G1 Conc#1"                       [id=16136, stack(0x0000000b43700000,0x0000000b43800000) (1024K)]
  0x000001944cef24b0 WorkerThread "G1 Conc#2"                       [id=8468, stack(0x0000000b43800000,0x0000000b43900000) (1024K)]
  0x000001942bac22a0 ConcurrentGCThread "G1 Refine#0"               [id=3900, stack(0x0000000b41200000,0x0000000b41300000) (1024K)]
  0x000001942bac3be0 ConcurrentGCThread "G1 Service"                [id=9816, stack(0x0000000b41300000,0x0000000b41400000) (1024K)]
Total: 18

Threads with active compile tasks:
C2 CompilerThread0  68567 18384   !   4       org.gradle.api.internal.DefaultNamedDomainObjectCollection$AbstractDomainObjectCreatingProvider::tryCreate (181 bytes)
Total: 1

VM state: not at safepoint (normal execution)

VM Mutex/Monitor currently owned by a thread: None

Heap address: 0x0000000080000000, size: 2048 MB, Compressed Oops mode: 32-bit

CDS archive(s) mapped at: [0x000001942c000000-0x000001942cba0000-0x000001942cba0000), size 12189696, SharedBaseAddress: 0x000001942c000000, ArchiveRelocationMode: 1.
Compressed class space mapped at: 0x000001942d000000-0x0000019447000000, reserved size: 436207616
Narrow klass base: 0x000001942c000000, Narrow klass shift: 0, Narrow klass range: 0x100000000

GC Precious Log:
 CardTable entry size: 512
 Card Set container configuration: InlinePtr #cards 5 size 8 Array Of Cards #cards 12 size 40 Howl #buckets 4 coarsen threshold 1843 Howl Bitmap #cards 512 size 80 coarsen threshold 460 Card regions per heap region 1 cards per card region 2048
 CPUs: 12 total, 12 available
 Memory: 7913M
 Large Page Support: Disabled
 NUMA Support: Disabled
 Compressed Oops: Enabled (32-bit)
 Heap Region Size: 1M
 Heap Min Capacity: 8M
 Heap Initial Capacity: 124M
 Heap Max Capacity: 2G
 Pre-touch: Disabled
 Parallel Workers: 10
 Concurrent Workers: 3
 Concurrent Refinement Workers: 10
 Periodic GC: Disabled

Heap:
 garbage-first heap   total 454656K, used 306586K [0x0000000080000000, 0x0000000100000000)
  region size 1024K, 21 young (21504K), 11 survivors (11264K)
 Metaspace       used 121048K, committed 123840K, reserved 557056K
  class space    used 17082K, committed 18432K, reserved 425984K

Heap Regions: E=young(eden), S=young(survivor), O=old, HS=humongous(starts), HC=humongous(continues), CS=collection set, F=free, TAMS=top-at-mark-start, PB=parsable bottom
|   0|0x0000000080000000, 0x0000000080100000, 0x0000000080100000|100%|HS|  |TAMS 0x0000000080000000| PB 0x0000000080000000| Complete 
|   1|0x0000000080100000, 0x0000000080200000, 0x0000000080200000|100%|HC|  |TAMS 0x0000000080100000| PB 0x0000000080100000| Complete 
|   2|0x0000000080200000, 0x0000000080300000, 0x0000000080300000|100%|HC|  |TAMS 0x0000000080200000| PB 0x0000000080200000| Complete 
|   3|0x0000000080300000, 0x0000000080400000, 0x0000000080400000|100%| O|  |TAMS 0x0000000080300000| PB 0x0000000080300000| Untracked 
|   4|0x0000000080400000, 0x0000000080500000, 0x0000000080500000|100%| O|  |TAMS 0x0000000080400000| PB 0x0000000080400000| Untracked 
|   5|0x0000000080500000, 0x0000000080600000, 0x0000000080600000|100%| O|  |TAMS 0x0000000080500000| PB 0x0000000080500000| Untracked 
|   6|0x0000000080600000, 0x0000000080700000, 0x0000000080700000|100%|HS|  |TAMS 0x0000000080600000| PB 0x0000000080600000| Complete 
|   7|0x0000000080700000, 0x0000000080800000, 0x0000000080800000|100%| O|  |TAMS 0x0000000080700000| PB 0x0000000080700000| Untracked 
|   8|0x0000000080800000, 0x0000000080900000, 0x0000000080900000|100%| O|  |TAMS 0x0000000080800000| PB 0x0000000080800000| Untracked 
|   9|0x0000000080900000, 0x0000000080a00000, 0x0000000080a00000|100%| O|  |TAMS 0x0000000080900000| PB 0x0000000080900000| Untracked 
|  10|0x0000000080a00000, 0x0000000080b00000, 0x0000000080b00000|100%| O|  |TAMS 0x0000000080a00000| PB 0x0000000080a00000| Untracked 
|  11|0x0000000080b00000, 0x0000000080c00000, 0x0000000080c00000|100%| O|  |TAMS 0x0000000080b00000| PB 0x0000000080b00000| Untracked 
|  12|0x0000000080c00000, 0x0000000080d00000, 0x0000000080d00000|100%| O|  |TAMS 0x0000000080c00000| PB 0x0000000080c00000| Untracked 
|  13|0x0000000080d00000, 0x0000000080e00000, 0x0000000080e00000|100%| O|  |TAMS 0x0000000080d00000| PB 0x0000000080d00000| Untracked 
|  14|0x0000000080e00000, 0x0000000080f00000, 0x0000000080f00000|100%| O|  |TAMS 0x0000000080e00000| PB 0x0000000080e00000| Untracked 
|  15|0x0000000080f00000, 0x0000000081000000, 0x0000000081000000|100%| O|  |TAMS 0x0000000080f00000| PB 0x0000000080f00000| Untracked 
|  16|0x0000000081000000, 0x0000000081100000, 0x0000000081100000|100%| O|  |TAMS 0x0000000081000000| PB 0x0000000081000000| Untracked 
|  17|0x0000000081100000, 0x0000000081200000, 0x0000000081200000|100%| O|  |TAMS 0x0000000081100000| PB 0x0000000081100000| Untracked 
|  18|0x0000000081200000, 0x0000000081300000, 0x0000000081300000|100%| O|  |TAMS 0x0000000081200000| PB 0x0000000081200000| Untracked 
|  19|0x0000000081300000, 0x0000000081400000, 0x0000000081400000|100%| O|  |TAMS 0x0000000081300000| PB 0x0000000081300000| Untracked 
|  20|0x0000000081400000, 0x0000000081500000, 0x0000000081500000|100%| O|  |TAMS 0x0000000081400000| PB 0x0000000081400000| Untracked 
|  21|0x0000000081500000, 0x0000000081600000, 0x0000000081600000|100%| O|  |TAMS 0x0000000081500000| PB 0x0000000081500000| Untracked 
|  22|0x0000000081600000, 0x0000000081700000, 0x0000000081700000|100%| O|  |TAMS 0x0000000081600000| PB 0x0000000081600000| Untracked 
|  23|0x0000000081700000, 0x0000000081800000, 0x0000000081800000|100%| O|  |TAMS 0x0000000081700000| PB 0x0000000081700000| Untracked 
|  24|0x0000000081800000, 0x0000000081900000, 0x0000000081900000|100%| O|  |TAMS 0x0000000081800000| PB 0x0000000081800000| Untracked 
|  25|0x0000000081900000, 0x0000000081a00000, 0x0000000081a00000|100%| O|  |TAMS 0x0000000081900000| PB 0x0000000081900000| Untracked 
|  26|0x0000000081a00000, 0x0000000081b00000, 0x0000000081b00000|100%| O|  |TAMS 0x0000000081a00000| PB 0x0000000081a00000| Untracked 
|  27|0x0000000081b00000, 0x0000000081c00000, 0x0000000081c00000|100%| O|  |TAMS 0x0000000081b00000| PB 0x0000000081b00000| Untracked 
|  28|0x0000000081c00000, 0x0000000081d00000, 0x0000000081d00000|100%| O|  |TAMS 0x0000000081c00000| PB 0x0000000081c00000| Untracked 
|  29|0x0000000081d00000, 0x0000000081e00000, 0x0000000081e00000|100%| O|  |TAMS 0x0000000081d00000| PB 0x0000000081d00000| Untracked 
|  30|0x0000000081e00000, 0x0000000081f00000, 0x0000000081f00000|100%| O|  |TAMS 0x0000000081e00000| PB 0x0000000081e00000| Untracked 
|  31|0x0000000081f00000, 0x0000000082000000, 0x0000000082000000|100%| O|  |TAMS 0x0000000081f00000| PB 0x0000000081f00000| Untracked 
|  32|0x0000000082000000, 0x0000000082100000, 0x0000000082100000|100%| O|  |TAMS 0x0000000082000000| PB 0x0000000082000000| Untracked 
|  33|0x0000000082100000, 0x0000000082200000, 0x0000000082200000|100%| O|  |TAMS 0x0000000082100000| PB 0x0000000082100000| Untracked 
|  34|0x0000000082200000, 0x0000000082300000, 0x0000000082300000|100%| O|  |TAMS 0x0000000082200000| PB 0x0000000082200000| Untracked 
|  35|0x0000000082300000, 0x0000000082400000, 0x0000000082400000|100%|HS|  |TAMS 0x0000000082300000| PB 0x0000000082300000| Complete 
|  36|0x0000000082400000, 0x0000000082500000, 0x0000000082500000|100%|HC|  |TAMS 0x0000000082400000| PB 0x0000000082400000| Complete 
|  37|0x0000000082500000, 0x0000000082600000, 0x0000000082600000|100%| O|  |TAMS 0x0000000082500000| PB 0x0000000082500000| Untracked 
|  38|0x0000000082600000, 0x0000000082700000, 0x0000000082700000|100%|HS|  |TAMS 0x0000000082600000| PB 0x0000000082600000| Complete 
|  39|0x0000000082700000, 0x0000000082800000, 0x0000000082800000|100%|HC|  |TAMS 0x0000000082700000| PB 0x0000000082700000| Complete 
|  40|0x0000000082800000, 0x0000000082900000, 0x0000000082900000|100%| O|  |TAMS 0x0000000082800000| PB 0x0000000082800000| Untracked 
|  41|0x0000000082900000, 0x0000000082a00000, 0x0000000082a00000|100%| O|  |TAMS 0x0000000082900000| PB 0x0000000082900000| Untracked 
|  42|0x0000000082a00000, 0x0000000082b00000, 0x0000000082b00000|100%| O|  |TAMS 0x0000000082a00000| PB 0x0000000082a00000| Untracked 
|  43|0x0000000082b00000, 0x0000000082c00000, 0x0000000082c00000|100%| O|  |TAMS 0x0000000082b00000| PB 0x0000000082b00000| Untracked 
|  44|0x0000000082c00000, 0x0000000082d00000, 0x0000000082d00000|100%| O|  |TAMS 0x0000000082c00000| PB 0x0000000082c00000| Untracked 
|  45|0x0000000082d00000, 0x0000000082e00000, 0x0000000082e00000|100%| O|  |TAMS 0x0000000082d00000| PB 0x0000000082d00000| Untracked 
|  46|0x0000000082e00000, 0x0000000082f00000, 0x0000000082f00000|100%| O|  |TAMS 0x0000000082e00000| PB 0x0000000082e00000| Untracked 
|  47|0x0000000082f00000, 0x0000000083000000, 0x0000000083000000|100%| O|  |TAMS 0x0000000082f00000| PB 0x0000000082f00000| Untracked 
|  48|0x0000000083000000, 0x0000000083100000, 0x0000000083100000|100%| O|  |TAMS 0x0000000083000000| PB 0x0000000083000000| Untracked 
|  49|0x0000000083100000, 0x0000000083200000, 0x0000000083200000|100%|HS|  |TAMS 0x0000000083100000| PB 0x0000000083100000| Complete 
|  50|0x0000000083200000, 0x0000000083300000, 0x0000000083300000|100%|HC|  |TAMS 0x0000000083200000| PB 0x0000000083200000| Complete 
|  51|0x0000000083300000, 0x0000000083400000, 0x0000000083400000|100%|HC|  |TAMS 0x0000000083300000| PB 0x0000000083300000| Complete 
|  52|0x0000000083400000, 0x0000000083500000, 0x0000000083500000|100%| O|  |TAMS 0x0000000083400000| PB 0x0000000083400000| Untracked 
|  53|0x0000000083500000, 0x0000000083600000, 0x0000000083600000|100%| O|  |TAMS 0x0000000083500000| PB 0x0000000083500000| Untracked 
|  54|0x0000000083600000, 0x0000000083700000, 0x0000000083700000|100%|HS|  |TAMS 0x0000000083600000| PB 0x0000000083600000| Complete 
|  55|0x0000000083700000, 0x0000000083800000, 0x0000000083800000|100%|HC|  |TAMS 0x0000000083700000| PB 0x0000000083700000| Complete 
|  56|0x0000000083800000, 0x0000000083900000, 0x0000000083900000|100%|HC|  |TAMS 0x0000000083800000| PB 0x0000000083800000| Complete 
|  57|0x0000000083900000, 0x0000000083a00000, 0x0000000083a00000|100%| O|  |TAMS 0x0000000083900000| PB 0x0000000083900000| Untracked 
|  58|0x0000000083a00000, 0x0000000083b00000, 0x0000000083b00000|100%| O|  |TAMS 0x0000000083a00000| PB 0x0000000083a00000| Untracked 
|  59|0x0000000083b00000, 0x0000000083c00000, 0x0000000083c00000|100%|HS|  |TAMS 0x0000000083b00000| PB 0x0000000083b00000| Complete 
|  60|0x0000000083c00000, 0x0000000083d00000, 0x0000000083d00000|100%|HS|  |TAMS 0x0000000083c00000| PB 0x0000000083c00000| Complete 
|  61|0x0000000083d00000, 0x0000000083e00000, 0x0000000083e00000|100%|HS|  |TAMS 0x0000000083d00000| PB 0x0000000083d00000| Complete 
|  62|0x0000000083e00000, 0x0000000083f00000, 0x0000000083f00000|100%| O|  |TAMS 0x0000000083e00000| PB 0x0000000083e00000| Untracked 
|  63|0x0000000083f00000, 0x0000000084000000, 0x0000000084000000|100%| O|  |TAMS 0x0000000083f00000| PB 0x0000000083f00000| Untracked 
|  64|0x0000000084000000, 0x0000000084100000, 0x0000000084100000|100%| O|  |TAMS 0x0000000084000000| PB 0x0000000084000000| Untracked 
|  65|0x0000000084100000, 0x0000000084200000, 0x0000000084200000|100%| O|  |TAMS 0x0000000084100000| PB 0x0000000084100000| Untracked 
|  66|0x0000000084200000, 0x0000000084300000, 0x0000000084300000|100%| O|  |TAMS 0x0000000084200000| PB 0x0000000084200000| Untracked 
|  67|0x0000000084300000, 0x0000000084400000, 0x0000000084400000|100%| O|  |TAMS 0x0000000084300000| PB 0x0000000084300000| Untracked 
|  68|0x0000000084400000, 0x0000000084500000, 0x0000000084500000|100%| O|  |TAMS 0x0000000084400000| PB 0x0000000084400000| Untracked 
|  69|0x0000000084500000, 0x0000000084600000, 0x0000000084600000|100%| O|  |TAMS 0x0000000084500000| PB 0x0000000084500000| Untracked 
|  70|0x0000000084600000, 0x0000000084700000, 0x0000000084700000|100%| O|  |TAMS 0x0000000084600000| PB 0x0000000084600000| Untracked 
|  71|0x0000000084700000, 0x0000000084800000, 0x0000000084800000|100%| O|  |TAMS 0x0000000084700000| PB 0x0000000084700000| Untracked 
|  72|0x0000000084800000, 0x0000000084900000, 0x0000000084900000|100%| O|  |TAMS 0x0000000084800000| PB 0x0000000084800000| Untracked 
|  73|0x0000000084900000, 0x0000000084a00000, 0x0000000084a00000|100%|HS|  |TAMS 0x0000000084900000| PB 0x0000000084900000| Complete 
|  74|0x0000000084a00000, 0x0000000084b00000, 0x0000000084b00000|100%| O|  |TAMS 0x0000000084a00000| PB 0x0000000084a00000| Untracked 
|  75|0x0000000084b00000, 0x0000000084c00000, 0x0000000084c00000|100%| O|  |TAMS 0x0000000084b00000| PB 0x0000000084b00000| Untracked 
|  76|0x0000000084c00000, 0x0000000084d00000, 0x0000000084d00000|100%| O|  |TAMS 0x0000000084c00000| PB 0x0000000084c00000| Untracked 
|  77|0x0000000084d00000, 0x0000000084e00000, 0x0000000084e00000|100%|HS|  |TAMS 0x0000000084d00000| PB 0x0000000084d00000| Complete 
|  78|0x0000000084e00000, 0x0000000084f00000, 0x0000000084f00000|100%|HC|  |TAMS 0x0000000084e00000| PB 0x0000000084e00000| Complete 
|  79|0x0000000084f00000, 0x0000000085000000, 0x0000000085000000|100%|HS|  |TAMS 0x0000000084f00000| PB 0x0000000084f00000| Complete 
|  80|0x0000000085000000, 0x0000000085100000, 0x0000000085100000|100%| O|  |TAMS 0x0000000085000000| PB 0x0000000085000000| Untracked 
|  81|0x0000000085100000, 0x0000000085200000, 0x0000000085200000|100%|HS|  |TAMS 0x0000000085100000| PB 0x0000000085100000| Complete 
|  82|0x0000000085200000, 0x0000000085300000, 0x0000000085300000|100%|HC|  |TAMS 0x0000000085200000| PB 0x0000000085200000| Complete 
|  83|0x0000000085300000, 0x0000000085400000, 0x0000000085400000|100%|HS|  |TAMS 0x0000000085300000| PB 0x0000000085300000| Complete 
|  84|0x0000000085400000, 0x0000000085500000, 0x0000000085500000|100%|HS|  |TAMS 0x0000000085400000| PB 0x0000000085400000| Complete 
|  85|0x0000000085500000, 0x0000000085600000, 0x0000000085600000|100%| O|  |TAMS 0x0000000085500000| PB 0x0000000085500000| Untracked 
|  86|0x0000000085600000, 0x0000000085700000, 0x0000000085700000|100%|HS|  |TAMS 0x0000000085600000| PB 0x0000000085600000| Complete 
|  87|0x0000000085700000, 0x0000000085800000, 0x0000000085800000|100%| O|  |TAMS 0x0000000085700000| PB 0x0000000085700000| Untracked 
|  88|0x0000000085800000, 0x0000000085900000, 0x0000000085900000|100%| O|  |TAMS 0x0000000085800000| PB 0x0000000085800000| Untracked 
|  89|0x0000000085900000, 0x0000000085a00000, 0x0000000085a00000|100%| O|  |TAMS 0x0000000085900000| PB 0x0000000085900000| Untracked 
|  90|0x0000000085a00000, 0x0000000085b00000, 0x0000000085b00000|100%| O|  |TAMS 0x0000000085a00000| PB 0x0000000085a00000| Untracked 
|  91|0x0000000085b00000, 0x0000000085c00000, 0x0000000085c00000|100%| O|  |TAMS 0x0000000085b00000| PB 0x0000000085b00000| Untracked 
|  92|0x0000000085c00000, 0x0000000085d00000, 0x0000000085d00000|100%| O|  |TAMS 0x0000000085c00000| PB 0x0000000085c00000| Untracked 
|  93|0x0000000085d00000, 0x0000000085e00000, 0x0000000085e00000|100%| O|  |TAMS 0x0000000085d00000| PB 0x0000000085d00000| Untracked 
|  94|0x0000000085e00000, 0x0000000085f00000, 0x0000000085f00000|100%| O|  |TAMS 0x0000000085e00000| PB 0x0000000085e00000| Untracked 
|  95|0x0000000085f00000, 0x0000000086000000, 0x0000000086000000|100%| O|  |TAMS 0x0000000085f00000| PB 0x0000000085f00000| Untracked 
|  96|0x0000000086000000, 0x0000000086100000, 0x0000000086100000|100%| O|  |TAMS 0x0000000086000000| PB 0x0000000086000000| Untracked 
|  97|0x0000000086100000, 0x0000000086200000, 0x0000000086200000|100%| O|  |TAMS 0x0000000086100000| PB 0x0000000086100000| Untracked 
|  98|0x0000000086200000, 0x0000000086300000, 0x0000000086300000|100%| O|  |TAMS 0x0000000086200000| PB 0x0000000086200000| Untracked 
|  99|0x0000000086300000, 0x0000000086400000, 0x0000000086400000|100%|HS|  |TAMS 0x0000000086300000| PB 0x0000000086300000| Complete 
| 100|0x0000000086400000, 0x0000000086500000, 0x0000000086500000|100%| O|  |TAMS 0x0000000086400000| PB 0x0000000086400000| Untracked 
| 101|0x0000000086500000, 0x0000000086600000, 0x0000000086600000|100%| O|  |TAMS 0x0000000086500000| PB 0x0000000086500000| Untracked 
| 102|0x0000000086600000, 0x0000000086700000, 0x0000000086700000|100%| O|  |TAMS 0x0000000086600000| PB 0x0000000086600000| Untracked 
| 103|0x0000000086700000, 0x0000000086800000, 0x0000000086800000|100%| O|  |TAMS 0x0000000086700000| PB 0x0000000086700000| Untracked 
| 104|0x0000000086800000, 0x0000000086900000, 0x0000000086900000|100%| O|  |TAMS 0x0000000086800000| PB 0x0000000086800000| Untracked 
| 105|0x0000000086900000, 0x0000000086a00000, 0x0000000086a00000|100%| O|  |TAMS 0x0000000086900000| PB 0x0000000086900000| Untracked 
| 106|0x0000000086a00000, 0x0000000086b00000, 0x0000000086b00000|100%| O|  |TAMS 0x0000000086a00000| PB 0x0000000086a00000| Untracked 
| 107|0x0000000086b00000, 0x0000000086c00000, 0x0000000086c00000|100%|HS|  |TAMS 0x0000000086b00000| PB 0x0000000086b00000| Complete 
| 108|0x0000000086c00000, 0x0000000086d00000, 0x0000000086d00000|100%| O|  |TAMS 0x0000000086c00000| PB 0x0000000086c00000| Untracked 
| 109|0x0000000086d00000, 0x0000000086e00000, 0x0000000086e00000|100%| O|  |TAMS 0x0000000086d00000| PB 0x0000000086d00000| Untracked 
| 110|0x0000000086e00000, 0x0000000086f00000, 0x0000000086f00000|100%| O|  |TAMS 0x0000000086e00000| PB 0x0000000086e00000| Untracked 
| 111|0x0000000086f00000, 0x0000000087000000, 0x0000000087000000|100%| O|  |TAMS 0x0000000086f00000| PB 0x0000000086f00000| Untracked 
| 112|0x0000000087000000, 0x0000000087100000, 0x0000000087100000|100%| O|  |TAMS 0x0000000087000000| PB 0x0000000087000000| Untracked 
| 113|0x0000000087100000, 0x0000000087200000, 0x0000000087200000|100%| O|  |TAMS 0x0000000087100000| PB 0x0000000087100000| Untracked 
| 114|0x0000000087200000, 0x0000000087300000, 0x0000000087300000|100%| O|  |TAMS 0x0000000087200000| PB 0x0000000087200000| Untracked 
| 115|0x0000000087300000, 0x0000000087400000, 0x0000000087400000|100%| O|  |TAMS 0x0000000087300000| PB 0x0000000087300000| Untracked 
| 116|0x0000000087400000, 0x0000000087500000, 0x0000000087500000|100%| O|  |TAMS 0x0000000087400000| PB 0x0000000087400000| Untracked 
| 117|0x0000000087500000, 0x0000000087600000, 0x0000000087600000|100%| O|  |TAMS 0x0000000087500000| PB 0x0000000087500000| Untracked 
| 118|0x0000000087600000, 0x0000000087700000, 0x0000000087700000|100%| O|  |TAMS 0x0000000087600000| PB 0x0000000087600000| Untracked 
| 119|0x0000000087700000, 0x0000000087800000, 0x0000000087800000|100%| O|  |TAMS 0x0000000087700000| PB 0x0000000087700000| Untracked 
| 120|0x0000000087800000, 0x0000000087900000, 0x0000000087900000|100%| O|  |TAMS 0x0000000087800000| PB 0x0000000087800000| Untracked 
| 121|0x0000000087900000, 0x0000000087a00000, 0x0000000087a00000|100%| O|  |TAMS 0x0000000087900000| PB 0x0000000087900000| Untracked 
| 122|0x0000000087a00000, 0x0000000087b00000, 0x0000000087b00000|100%| O|  |TAMS 0x0000000087a00000| PB 0x0000000087a00000| Untracked 
| 123|0x0000000087b00000, 0x0000000087c00000, 0x0000000087c00000|100%| O|  |TAMS 0x0000000087b00000| PB 0x0000000087b00000| Untracked 
| 124|0x0000000087c00000, 0x0000000087d00000, 0x0000000087d00000|100%| O|  |TAMS 0x0000000087c00000| PB 0x0000000087c00000| Untracked 
| 125|0x0000000087d00000, 0x0000000087e00000, 0x0000000087e00000|100%| O|  |TAMS 0x0000000087d00000| PB 0x0000000087d00000| Untracked 
| 126|0x0000000087e00000, 0x0000000087f00000, 0x0000000087f00000|100%| O|  |TAMS 0x0000000087e00000| PB 0x0000000087e00000| Untracked 
| 127|0x0000000087f00000, 0x0000000088000000, 0x0000000088000000|100%| O|  |TAMS 0x0000000087f00000| PB 0x0000000087f00000| Untracked 
| 128|0x0000000088000000, 0x0000000088100000, 0x0000000088100000|100%| O|  |TAMS 0x0000000088000000| PB 0x0000000088000000| Untracked 
| 129|0x0000000088100000, 0x0000000088200000, 0x0000000088200000|100%| O|  |TAMS 0x0000000088100000| PB 0x0000000088100000| Untracked 
| 130|0x0000000088200000, 0x0000000088300000, 0x0000000088300000|100%| O|  |TAMS 0x0000000088200000| PB 0x0000000088200000| Untracked 
| 131|0x0000000088300000, 0x0000000088400000, 0x0000000088400000|100%| O|  |TAMS 0x0000000088300000| PB 0x0000000088300000| Untracked 
| 132|0x0000000088400000, 0x0000000088500000, 0x0000000088500000|100%| O|  |TAMS 0x0000000088400000| PB 0x0000000088400000| Untracked 
| 133|0x0000000088500000, 0x0000000088600000, 0x0000000088600000|100%| O|  |TAMS 0x0000000088500000| PB 0x0000000088500000| Untracked 
| 134|0x0000000088600000, 0x0000000088700000, 0x0000000088700000|100%| O|  |TAMS 0x0000000088600000| PB 0x0000000088600000| Untracked 
| 135|0x0000000088700000, 0x0000000088800000, 0x0000000088800000|100%| O|  |TAMS 0x0000000088700000| PB 0x0000000088700000| Untracked 
| 136|0x0000000088800000, 0x0000000088900000, 0x0000000088900000|100%| O|  |TAMS 0x0000000088800000| PB 0x0000000088800000| Untracked 
| 137|0x0000000088900000, 0x0000000088a00000, 0x0000000088a00000|100%| O|  |TAMS 0x0000000088900000| PB 0x0000000088900000| Untracked 
| 138|0x0000000088a00000, 0x0000000088b00000, 0x0000000088b00000|100%| O|  |TAMS 0x0000000088a00000| PB 0x0000000088a00000| Untracked 
| 139|0x0000000088b00000, 0x0000000088c00000, 0x0000000088c00000|100%| O|  |TAMS 0x0000000088b00000| PB 0x0000000088b00000| Untracked 
| 140|0x0000000088c00000, 0x0000000088d00000, 0x0000000088d00000|100%| O|  |TAMS 0x0000000088c00000| PB 0x0000000088c00000| Untracked 
| 141|0x0000000088d00000, 0x0000000088e00000, 0x0000000088e00000|100%| O|  |TAMS 0x0000000088d00000| PB 0x0000000088d00000| Untracked 
| 142|0x0000000088e00000, 0x0000000088f00000, 0x0000000088f00000|100%| O|  |TAMS 0x0000000088e00000| PB 0x0000000088e00000| Untracked 
| 143|0x0000000088f00000, 0x0000000089000000, 0x0000000089000000|100%| O|  |TAMS 0x0000000088f00000| PB 0x0000000088f00000| Untracked 
| 144|0x0000000089000000, 0x0000000089100000, 0x0000000089100000|100%| O|  |TAMS 0x0000000089000000| PB 0x0000000089000000| Untracked 
| 145|0x0000000089100000, 0x0000000089200000, 0x0000000089200000|100%| O|  |TAMS 0x0000000089100000| PB 0x0000000089100000| Untracked 
| 146|0x0000000089200000, 0x0000000089300000, 0x0000000089300000|100%| O|  |TAMS 0x0000000089200000| PB 0x0000000089200000| Untracked 
| 147|0x0000000089300000, 0x0000000089400000, 0x0000000089400000|100%| O|  |TAMS 0x0000000089300000| PB 0x0000000089300000| Untracked 
| 148|0x0000000089400000, 0x0000000089500000, 0x0000000089500000|100%| O|  |TAMS 0x0000000089400000| PB 0x0000000089400000| Untracked 
| 149|0x0000000089500000, 0x0000000089600000, 0x0000000089600000|100%| O|  |TAMS 0x0000000089500000| PB 0x0000000089500000| Untracked 
| 150|0x0000000089600000, 0x0000000089700000, 0x0000000089700000|100%| O|  |TAMS 0x0000000089600000| PB 0x0000000089600000| Untracked 
| 151|0x0000000089700000, 0x0000000089800000, 0x0000000089800000|100%| O|  |TAMS 0x0000000089700000| PB 0x0000000089700000| Untracked 
| 152|0x0000000089800000, 0x0000000089900000, 0x0000000089900000|100%|HS|  |TAMS 0x0000000089800000| PB 0x0000000089800000| Complete 
| 153|0x0000000089900000, 0x0000000089a00000, 0x0000000089a00000|100%|HS|  |TAMS 0x0000000089900000| PB 0x0000000089900000| Complete 
| 154|0x0000000089a00000, 0x0000000089b00000, 0x0000000089b00000|100%|HS|  |TAMS 0x0000000089a00000| PB 0x0000000089a00000| Complete 
| 155|0x0000000089b00000, 0x0000000089c00000, 0x0000000089c00000|100%| O|  |TAMS 0x0000000089b00000| PB 0x0000000089b00000| Untracked 
| 156|0x0000000089c00000, 0x0000000089d00000, 0x0000000089d00000|100%| O|  |TAMS 0x0000000089c00000| PB 0x0000000089c00000| Untracked 
| 157|0x0000000089d00000, 0x0000000089e00000, 0x0000000089e00000|100%| O|  |TAMS 0x0000000089d00000| PB 0x0000000089d00000| Untracked 
| 158|0x0000000089e00000, 0x0000000089f00000, 0x0000000089f00000|100%| O|  |TAMS 0x0000000089e00000| PB 0x0000000089e00000| Untracked 
| 159|0x0000000089f00000, 0x000000008a000000, 0x000000008a000000|100%| O|  |TAMS 0x0000000089f00000| PB 0x0000000089f00000| Untracked 
| 160|0x000000008a000000, 0x000000008a100000, 0x000000008a100000|100%| O|  |TAMS 0x000000008a000000| PB 0x000000008a000000| Untracked 
| 161|0x000000008a100000, 0x000000008a200000, 0x000000008a200000|100%| O|  |TAMS 0x000000008a100000| PB 0x000000008a100000| Untracked 
| 162|0x000000008a200000, 0x000000008a300000, 0x000000008a300000|100%| O|  |TAMS 0x000000008a200000| PB 0x000000008a200000| Untracked 
| 163|0x000000008a300000, 0x000000008a400000, 0x000000008a400000|100%| O|Cm|TAMS 0x000000008a300000| PB 0x000000008a300000| Complete 
| 164|0x000000008a400000, 0x000000008a500000, 0x000000008a500000|100%| O|  |TAMS 0x000000008a400000| PB 0x000000008a400000| Untracked 
| 165|0x000000008a500000, 0x000000008a600000, 0x000000008a600000|100%| O|  |TAMS 0x000000008a500000| PB 0x000000008a500000| Untracked 
| 166|0x000000008a600000, 0x000000008a700000, 0x000000008a700000|100%| O|  |TAMS 0x000000008a600000| PB 0x000000008a600000| Untracked 
| 167|0x000000008a700000, 0x000000008a800000, 0x000000008a800000|100%| O|  |TAMS 0x000000008a700000| PB 0x000000008a700000| Untracked 
| 168|0x000000008a800000, 0x000000008a900000, 0x000000008a900000|100%| O|  |TAMS 0x000000008a800000| PB 0x000000008a800000| Untracked 
| 169|0x000000008a900000, 0x000000008aa00000, 0x000000008aa00000|100%| O|  |TAMS 0x000000008a900000| PB 0x000000008a900000| Untracked 
| 170|0x000000008aa00000, 0x000000008ab00000, 0x000000008ab00000|100%| O|  |TAMS 0x000000008aa00000| PB 0x000000008aa00000| Untracked 
| 171|0x000000008ab00000, 0x000000008ac00000, 0x000000008ac00000|100%| O|  |TAMS 0x000000008ab00000| PB 0x000000008ab00000| Untracked 
| 172|0x000000008ac00000, 0x000000008ad00000, 0x000000008ad00000|100%| O|  |TAMS 0x000000008ac00000| PB 0x000000008ac00000| Untracked 
| 173|0x000000008ad00000, 0x000000008ae00000, 0x000000008ae00000|100%|HS|  |TAMS 0x000000008ad00000| PB 0x000000008ad00000| Complete 
| 174|0x000000008ae00000, 0x000000008af00000, 0x000000008af00000|100%|HC|  |TAMS 0x000000008ae00000| PB 0x000000008ae00000| Complete 
| 175|0x000000008af00000, 0x000000008b000000, 0x000000008b000000|100%|HS|  |TAMS 0x000000008af00000| PB 0x000000008af00000| Complete 
| 176|0x000000008b000000, 0x000000008b100000, 0x000000008b100000|100%|HS|  |TAMS 0x000000008b000000| PB 0x000000008b000000| Complete 
| 177|0x000000008b100000, 0x000000008b200000, 0x000000008b200000|100%|HC|  |TAMS 0x000000008b100000| PB 0x000000008b100000| Complete 
| 178|0x000000008b200000, 0x000000008b300000, 0x000000008b300000|100%|HC|  |TAMS 0x000000008b200000| PB 0x000000008b200000| Complete 
| 179|0x000000008b300000, 0x000000008b400000, 0x000000008b400000|100%|HC|  |TAMS 0x000000008b300000| PB 0x000000008b300000| Complete 
| 180|0x000000008b400000, 0x000000008b500000, 0x000000008b500000|100%| O|  |TAMS 0x000000008b400000| PB 0x000000008b400000| Untracked 
| 181|0x000000008b500000, 0x000000008b600000, 0x000000008b600000|100%| O|  |TAMS 0x000000008b500000| PB 0x000000008b500000| Untracked 
| 182|0x000000008b600000, 0x000000008b700000, 0x000000008b700000|100%| O|  |TAMS 0x000000008b600000| PB 0x000000008b600000| Untracked 
| 183|0x000000008b700000, 0x000000008b800000, 0x000000008b800000|100%| O|  |TAMS 0x000000008b700000| PB 0x000000008b700000| Untracked 
| 184|0x000000008b800000, 0x000000008b900000, 0x000000008b900000|100%| O|  |TAMS 0x000000008b800000| PB 0x000000008b800000| Untracked 
| 185|0x000000008b900000, 0x000000008ba00000, 0x000000008ba00000|100%| O|  |TAMS 0x000000008b900000| PB 0x000000008b900000| Untracked 
| 186|0x000000008ba00000, 0x000000008bb00000, 0x000000008bb00000|100%| O|  |TAMS 0x000000008ba00000| PB 0x000000008ba00000| Untracked 
| 187|0x000000008bb00000, 0x000000008bc00000, 0x000000008bc00000|100%| O|  |TAMS 0x000000008bb00000| PB 0x000000008bb00000| Untracked 
| 188|0x000000008bc00000, 0x000000008bd00000, 0x000000008bd00000|100%| O|  |TAMS 0x000000008bc00000| PB 0x000000008bc00000| Untracked 
| 189|0x000000008bd00000, 0x000000008be00000, 0x000000008be00000|100%| O|  |TAMS 0x000000008bd00000| PB 0x000000008bd00000| Untracked 
| 190|0x000000008be00000, 0x000000008bf00000, 0x000000008bf00000|100%| O|  |TAMS 0x000000008be00000| PB 0x000000008be00000| Untracked 
| 191|0x000000008bf00000, 0x000000008c000000, 0x000000008c000000|100%| O|  |TAMS 0x000000008bf00000| PB 0x000000008bf00000| Untracked 
| 192|0x000000008c000000, 0x000000008c100000, 0x000000008c100000|100%| O|  |TAMS 0x000000008c000000| PB 0x000000008c000000| Untracked 
| 193|0x000000008c100000, 0x000000008c200000, 0x000000008c200000|100%| O|  |TAMS 0x000000008c100000| PB 0x000000008c100000| Untracked 
| 194|0x000000008c200000, 0x000000008c300000, 0x000000008c300000|100%| O|  |TAMS 0x000000008c200000| PB 0x000000008c200000| Untracked 
| 195|0x000000008c300000, 0x000000008c400000, 0x000000008c400000|100%| O|  |TAMS 0x000000008c300000| PB 0x000000008c300000| Untracked 
| 196|0x000000008c400000, 0x000000008c500000, 0x000000008c500000|100%| O|  |TAMS 0x000000008c400000| PB 0x000000008c400000| Untracked 
| 197|0x000000008c500000, 0x000000008c600000, 0x000000008c600000|100%| O|  |TAMS 0x000000008c500000| PB 0x000000008c500000| Untracked 
| 198|0x000000008c600000, 0x000000008c700000, 0x000000008c700000|100%| O|  |TAMS 0x000000008c600000| PB 0x000000008c600000| Untracked 
| 199|0x000000008c700000, 0x000000008c800000, 0x000000008c800000|100%| O|  |TAMS 0x000000008c700000| PB 0x000000008c700000| Untracked 
| 200|0x000000008c800000, 0x000000008c900000, 0x000000008c900000|100%| O|  |TAMS 0x000000008c800000| PB 0x000000008c800000| Untracked 
| 201|0x000000008c900000, 0x000000008ca00000, 0x000000008ca00000|100%| O|Cm|TAMS 0x000000008c900000| PB 0x000000008c900000| Complete 
| 202|0x000000008ca00000, 0x000000008cb00000, 0x000000008cb00000|100%|HS|  |TAMS 0x000000008ca00000| PB 0x000000008ca00000| Complete 
| 203|0x000000008cb00000, 0x000000008cc00000, 0x000000008cc00000|100%|HC|  |TAMS 0x000000008cb00000| PB 0x000000008cb00000| Complete 
| 204|0x000000008cc00000, 0x000000008cd00000, 0x000000008cd00000|100%| O|  |TAMS 0x000000008cc00000| PB 0x000000008cc00000| Untracked 
| 205|0x000000008cd00000, 0x000000008ce00000, 0x000000008ce00000|100%|HS|  |TAMS 0x000000008cd00000| PB 0x000000008cd00000| Complete 
| 206|0x000000008ce00000, 0x000000008cf00000, 0x000000008cf00000|100%| O|  |TAMS 0x000000008ce00000| PB 0x000000008ce00000| Untracked 
| 207|0x000000008cf00000, 0x000000008d000000, 0x000000008d000000|100%| O|Cm|TAMS 0x000000008cf00000| PB 0x000000008cf00000| Complete 
| 208|0x000000008d000000, 0x000000008d100000, 0x000000008d100000|100%| O|  |TAMS 0x000000008d000000| PB 0x000000008d000000| Untracked 
| 209|0x000000008d100000, 0x000000008d200000, 0x000000008d200000|100%| O|  |TAMS 0x000000008d100000| PB 0x000000008d100000| Untracked 
| 210|0x000000008d200000, 0x000000008d300000, 0x000000008d300000|100%| O|  |TAMS 0x000000008d200000| PB 0x000000008d200000| Untracked 
| 211|0x000000008d300000, 0x000000008d400000, 0x000000008d400000|100%| O|  |TAMS 0x000000008d300000| PB 0x000000008d300000| Untracked 
| 212|0x000000008d400000, 0x000000008d500000, 0x000000008d500000|100%| O|  |TAMS 0x000000008d400000| PB 0x000000008d400000| Untracked 
| 213|0x000000008d500000, 0x000000008d600000, 0x000000008d600000|100%| O|  |TAMS 0x000000008d500000| PB 0x000000008d500000| Untracked 
| 214|0x000000008d600000, 0x000000008d700000, 0x000000008d700000|100%| O|  |TAMS 0x000000008d600000| PB 0x000000008d600000| Untracked 
| 215|0x000000008d700000, 0x000000008d800000, 0x000000008d800000|100%| O|  |TAMS 0x000000008d700000| PB 0x000000008d700000| Untracked 
| 216|0x000000008d800000, 0x000000008d900000, 0x000000008d900000|100%| O|  |TAMS 0x000000008d800000| PB 0x000000008d800000| Untracked 
| 217|0x000000008d900000, 0x000000008da00000, 0x000000008da00000|100%| O|  |TAMS 0x000000008d900000| PB 0x000000008d900000| Untracked 
| 218|0x000000008da00000, 0x000000008db00000, 0x000000008db00000|100%| O|  |TAMS 0x000000008da00000| PB 0x000000008da00000| Untracked 
| 219|0x000000008db00000, 0x000000008dc00000, 0x000000008dc00000|100%| O|  |TAMS 0x000000008db00000| PB 0x000000008db00000| Untracked 
| 220|0x000000008dc00000, 0x000000008dd00000, 0x000000008dd00000|100%| O|  |TAMS 0x000000008dc00000| PB 0x000000008dc00000| Untracked 
| 221|0x000000008dd00000, 0x000000008de00000, 0x000000008de00000|100%| O|  |TAMS 0x000000008dd00000| PB 0x000000008dd00000| Untracked 
| 222|0x000000008de00000, 0x000000008df00000, 0x000000008df00000|100%| O|  |TAMS 0x000000008de00000| PB 0x000000008de00000| Untracked 
| 223|0x000000008df00000, 0x000000008e000000, 0x000000008e000000|100%| O|Cm|TAMS 0x000000008df00000| PB 0x000000008df00000| Complete 
| 224|0x000000008e000000, 0x000000008e100000, 0x000000008e100000|100%| O|  |TAMS 0x000000008e000000| PB 0x000000008e000000| Untracked 
| 225|0x000000008e100000, 0x000000008e200000, 0x000000008e200000|100%| O|Cm|TAMS 0x000000008e100000| PB 0x000000008e100000| Complete 
| 226|0x000000008e200000, 0x000000008e300000, 0x000000008e300000|100%| O|Cm|TAMS 0x000000008e200000| PB 0x000000008e200000| Complete 
| 227|0x000000008e300000, 0x000000008e400000, 0x000000008e400000|100%| O|  |TAMS 0x000000008e300000| PB 0x000000008e300000| Untracked 
| 228|0x000000008e400000, 0x000000008e500000, 0x000000008e500000|100%| O|  |TAMS 0x000000008e400000| PB 0x000000008e400000| Untracked 
| 229|0x000000008e500000, 0x000000008e600000, 0x000000008e600000|100%| O|  |TAMS 0x000000008e500000| PB 0x000000008e500000| Untracked 
| 230|0x000000008e600000, 0x000000008e700000, 0x000000008e700000|100%| O|  |TAMS 0x000000008e600000| PB 0x000000008e600000| Untracked 
| 231|0x000000008e700000, 0x000000008e800000, 0x000000008e800000|100%| O|  |TAMS 0x000000008e700000| PB 0x000000008e700000| Untracked 
| 232|0x000000008e800000, 0x000000008e900000, 0x000000008e900000|100%| O|  |TAMS 0x000000008e800000| PB 0x000000008e800000| Untracked 
| 233|0x000000008e900000, 0x000000008ea00000, 0x000000008ea00000|100%| O|  |TAMS 0x000000008e900000| PB 0x000000008e900000| Untracked 
| 234|0x000000008ea00000, 0x000000008ea00000, 0x000000008eb00000|  0%| F|  |TAMS 0x000000008ea00000| PB 0x000000008ea00000| Untracked 
| 235|0x000000008eb00000, 0x000000008eb00000, 0x000000008ec00000|  0%| F|  |TAMS 0x000000008eb00000| PB 0x000000008eb00000| Untracked 
| 236|0x000000008ec00000, 0x000000008ec00000, 0x000000008ed00000|  0%| F|  |TAMS 0x000000008ec00000| PB 0x000000008ec00000| Untracked 
| 237|0x000000008ed00000, 0x000000008ed00000, 0x000000008ee00000|  0%| F|  |TAMS 0x000000008ed00000| PB 0x000000008ed00000| Untracked 
| 238|0x000000008ee00000, 0x000000008ee00000, 0x000000008ef00000|  0%| F|  |TAMS 0x000000008ee00000| PB 0x000000008ee00000| Untracked 
| 239|0x000000008ef00000, 0x000000008ef00000, 0x000000008f000000|  0%| F|  |TAMS 0x000000008ef00000| PB 0x000000008ef00000| Untracked 
| 240|0x000000008f000000, 0x000000008f000000, 0x000000008f100000|  0%| F|  |TAMS 0x000000008f000000| PB 0x000000008f000000| Untracked 
| 241|0x000000008f100000, 0x000000008f100000, 0x000000008f200000|  0%| F|  |TAMS 0x000000008f100000| PB 0x000000008f100000| Untracked 
| 242|0x000000008f200000, 0x000000008f300000, 0x000000008f300000|100%| O|  |TAMS 0x000000008f200000| PB 0x000000008f200000| Untracked 
| 243|0x000000008f300000, 0x000000008f400000, 0x000000008f400000|100%| O|  |TAMS 0x000000008f300000| PB 0x000000008f300000| Untracked 
| 244|0x000000008f400000, 0x000000008f500000, 0x000000008f500000|100%| O|  |TAMS 0x000000008f400000| PB 0x000000008f400000| Untracked 
| 245|0x000000008f500000, 0x000000008f600000, 0x000000008f600000|100%| O|  |TAMS 0x000000008f500000| PB 0x000000008f500000| Untracked 
| 246|0x000000008f600000, 0x000000008f700000, 0x000000008f700000|100%| O|  |TAMS 0x000000008f600000| PB 0x000000008f600000| Untracked 
| 247|0x000000008f700000, 0x000000008f800000, 0x000000008f800000|100%| O|  |TAMS 0x000000008f700000| PB 0x000000008f700000| Untracked 
| 248|0x000000008f800000, 0x000000008f900000, 0x000000008f900000|100%| O|  |TAMS 0x000000008f800000| PB 0x000000008f800000| Untracked 
| 249|0x000000008f900000, 0x000000008fa00000, 0x000000008fa00000|100%| O|  |TAMS 0x000000008f900000| PB 0x000000008f900000| Untracked 
| 250|0x000000008fa00000, 0x000000008fb00000, 0x000000008fb00000|100%| O|  |TAMS 0x000000008fa00000| PB 0x000000008fa00000| Untracked 
| 251|0x000000008fb00000, 0x000000008fb00000, 0x000000008fc00000|  0%| F|  |TAMS 0x000000008fb00000| PB 0x000000008fb00000| Untracked 
| 252|0x000000008fc00000, 0x000000008fc00000, 0x000000008fd00000|  0%| F|  |TAMS 0x000000008fc00000| PB 0x000000008fc00000| Untracked 
| 253|0x000000008fd00000, 0x000000008fd00000, 0x000000008fe00000|  0%| F|  |TAMS 0x000000008fd00000| PB 0x000000008fd00000| Untracked 
| 254|0x000000008fe00000, 0x000000008fe00000, 0x000000008ff00000|  0%| F|  |TAMS 0x000000008fe00000| PB 0x000000008fe00000| Untracked 
| 255|0x000000008ff00000, 0x000000008ff00000, 0x0000000090000000|  0%| F|  |TAMS 0x000000008ff00000| PB 0x000000008ff00000| Untracked 
| 256|0x0000000090000000, 0x0000000090000000, 0x0000000090100000|  0%| F|  |TAMS 0x0000000090000000| PB 0x0000000090000000| Untracked 
| 257|0x0000000090100000, 0x0000000090200000, 0x0000000090200000|100%| O|  |TAMS 0x0000000090100000| PB 0x0000000090100000| Untracked 
| 258|0x0000000090200000, 0x0000000090300000, 0x0000000090300000|100%| O|  |TAMS 0x0000000090200000| PB 0x0000000090200000| Untracked 
| 259|0x0000000090300000, 0x0000000090400000, 0x0000000090400000|100%| O|  |TAMS 0x0000000090300000| PB 0x0000000090300000| Untracked 
| 260|0x0000000090400000, 0x0000000090500000, 0x0000000090500000|100%| O|  |TAMS 0x0000000090400000| PB 0x0000000090400000| Untracked 
| 261|0x0000000090500000, 0x0000000090600000, 0x0000000090600000|100%| O|  |TAMS 0x0000000090500000| PB 0x0000000090500000| Untracked 
| 262|0x0000000090600000, 0x0000000090700000, 0x0000000090700000|100%| O|  |TAMS 0x0000000090600000| PB 0x0000000090600000| Untracked 
| 263|0x0000000090700000, 0x0000000090800000, 0x0000000090800000|100%| O|  |TAMS 0x0000000090700000| PB 0x0000000090700000| Untracked 
| 264|0x0000000090800000, 0x0000000090900000, 0x0000000090900000|100%| O|  |TAMS 0x0000000090800000| PB 0x0000000090800000| Untracked 
| 265|0x0000000090900000, 0x0000000090a00000, 0x0000000090a00000|100%| O|  |TAMS 0x0000000090900000| PB 0x0000000090900000| Untracked 
| 266|0x0000000090a00000, 0x0000000090b00000, 0x0000000090b00000|100%| O|  |TAMS 0x0000000090a00000| PB 0x0000000090a00000| Untracked 
| 267|0x0000000090b00000, 0x0000000090c00000, 0x0000000090c00000|100%| O|  |TAMS 0x0000000090b00000| PB 0x0000000090b00000| Untracked 
| 268|0x0000000090c00000, 0x0000000090d00000, 0x0000000090d00000|100%| O|  |TAMS 0x0000000090c00000| PB 0x0000000090c00000| Untracked 
| 269|0x0000000090d00000, 0x0000000090e00000, 0x0000000090e00000|100%| O|  |TAMS 0x0000000090d00000| PB 0x0000000090d00000| Untracked 
| 270|0x0000000090e00000, 0x0000000090f00000, 0x0000000090f00000|100%| O|  |TAMS 0x0000000090e00000| PB 0x0000000090e00000| Untracked 
| 271|0x0000000090f00000, 0x0000000091000000, 0x0000000091000000|100%| O|  |TAMS 0x0000000090f00000| PB 0x0000000090f00000| Untracked 
| 272|0x0000000091000000, 0x0000000091100000, 0x0000000091100000|100%| O|  |TAMS 0x0000000091000000| PB 0x0000000091000000| Untracked 
| 273|0x0000000091100000, 0x0000000091200000, 0x0000000091200000|100%| O|  |TAMS 0x0000000091100000| PB 0x0000000091100000| Untracked 
| 274|0x0000000091200000, 0x0000000091300000, 0x0000000091300000|100%| O|  |TAMS 0x0000000091200000| PB 0x0000000091200000| Untracked 
| 275|0x0000000091300000, 0x0000000091366a38, 0x0000000091400000| 40%| O|  |TAMS 0x0000000091300000| PB 0x0000000091300000| Untracked 
| 276|0x0000000091400000, 0x0000000091400000, 0x0000000091500000|  0%| F|  |TAMS 0x0000000091400000| PB 0x0000000091400000| Untracked 
| 277|0x0000000091500000, 0x0000000091500000, 0x0000000091600000|  0%| F|  |TAMS 0x0000000091500000| PB 0x0000000091500000| Untracked 
| 278|0x0000000091600000, 0x0000000091600000, 0x0000000091700000|  0%| F|  |TAMS 0x0000000091600000| PB 0x0000000091600000| Untracked 
| 279|0x0000000091700000, 0x0000000091700000, 0x0000000091800000|  0%| F|  |TAMS 0x0000000091700000| PB 0x0000000091700000| Untracked 
| 280|0x0000000091800000, 0x0000000091800000, 0x0000000091900000|  0%| F|  |TAMS 0x0000000091800000| PB 0x0000000091800000| Untracked 
| 281|0x0000000091900000, 0x0000000091900000, 0x0000000091a00000|  0%| F|  |TAMS 0x0000000091900000| PB 0x0000000091900000| Untracked 
| 282|0x0000000091a00000, 0x0000000091a00000, 0x0000000091b00000|  0%| F|  |TAMS 0x0000000091a00000| PB 0x0000000091a00000| Untracked 
| 283|0x0000000091b00000, 0x0000000091b00000, 0x0000000091c00000|  0%| F|  |TAMS 0x0000000091b00000| PB 0x0000000091b00000| Untracked 
| 284|0x0000000091c00000, 0x0000000091c00000, 0x0000000091d00000|  0%| F|  |TAMS 0x0000000091c00000| PB 0x0000000091c00000| Untracked 
| 285|0x0000000091d00000, 0x0000000091d00000, 0x0000000091e00000|  0%| F|  |TAMS 0x0000000091d00000| PB 0x0000000091d00000| Untracked 
| 286|0x0000000091e00000, 0x0000000091e00000, 0x0000000091f00000|  0%| F|  |TAMS 0x0000000091e00000| PB 0x0000000091e00000| Untracked 
| 287|0x0000000091f00000, 0x0000000091f00000, 0x0000000092000000|  0%| F|  |TAMS 0x0000000091f00000| PB 0x0000000091f00000| Untracked 
| 288|0x0000000092000000, 0x0000000092000000, 0x0000000092100000|  0%| F|  |TAMS 0x0000000092000000| PB 0x0000000092000000| Untracked 
| 289|0x0000000092100000, 0x0000000092100000, 0x0000000092200000|  0%| F|  |TAMS 0x0000000092100000| PB 0x0000000092100000| Untracked 
| 290|0x0000000092200000, 0x0000000092200000, 0x0000000092300000|  0%| F|  |TAMS 0x0000000092200000| PB 0x0000000092200000| Untracked 
| 291|0x0000000092300000, 0x0000000092300000, 0x0000000092400000|  0%| F|  |TAMS 0x0000000092300000| PB 0x0000000092300000| Untracked 
| 292|0x0000000092400000, 0x0000000092400000, 0x0000000092500000|  0%| F|  |TAMS 0x0000000092400000| PB 0x0000000092400000| Untracked 
| 293|0x0000000092500000, 0x0000000092500000, 0x0000000092600000|  0%| F|  |TAMS 0x0000000092500000| PB 0x0000000092500000| Untracked 
| 294|0x0000000092600000, 0x0000000092600000, 0x0000000092700000|  0%| F|  |TAMS 0x0000000092600000| PB 0x0000000092600000| Untracked 
| 295|0x0000000092700000, 0x0000000092700000, 0x0000000092800000|  0%| F|  |TAMS 0x0000000092700000| PB 0x0000000092700000| Untracked 
| 296|0x0000000092800000, 0x0000000092800000, 0x0000000092900000|  0%| F|  |TAMS 0x0000000092800000| PB 0x0000000092800000| Untracked 
| 297|0x0000000092900000, 0x0000000092900000, 0x0000000092a00000|  0%| F|  |TAMS 0x0000000092900000| PB 0x0000000092900000| Untracked 
| 298|0x0000000092a00000, 0x0000000092a00000, 0x0000000092b00000|  0%| F|  |TAMS 0x0000000092a00000| PB 0x0000000092a00000| Untracked 
| 299|0x0000000092b00000, 0x0000000092b00000, 0x0000000092c00000|  0%| F|  |TAMS 0x0000000092b00000| PB 0x0000000092b00000| Untracked 
| 300|0x0000000092c00000, 0x0000000092c00000, 0x0000000092d00000|  0%| F|  |TAMS 0x0000000092c00000| PB 0x0000000092c00000| Untracked 
| 301|0x0000000092d00000, 0x0000000092d00000, 0x0000000092e00000|  0%| F|  |TAMS 0x0000000092d00000| PB 0x0000000092d00000| Untracked 
| 302|0x0000000092e00000, 0x0000000092e00000, 0x0000000092f00000|  0%| F|  |TAMS 0x0000000092e00000| PB 0x0000000092e00000| Untracked 
| 303|0x0000000092f00000, 0x0000000092f00000, 0x0000000093000000|  0%| F|  |TAMS 0x0000000092f00000| PB 0x0000000092f00000| Untracked 
| 304|0x0000000093000000, 0x0000000093000000, 0x0000000093100000|  0%| F|  |TAMS 0x0000000093000000| PB 0x0000000093000000| Untracked 
| 305|0x0000000093100000, 0x0000000093100000, 0x0000000093200000|  0%| F|  |TAMS 0x0000000093100000| PB 0x0000000093100000| Untracked 
| 306|0x0000000093200000, 0x0000000093200000, 0x0000000093300000|  0%| F|  |TAMS 0x0000000093200000| PB 0x0000000093200000| Untracked 
| 307|0x0000000093300000, 0x0000000093300000, 0x0000000093400000|  0%| F|  |TAMS 0x0000000093300000| PB 0x0000000093300000| Untracked 
| 308|0x0000000093400000, 0x0000000093400000, 0x0000000093500000|  0%| F|  |TAMS 0x0000000093400000| PB 0x0000000093400000| Untracked 
| 309|0x0000000093500000, 0x0000000093500000, 0x0000000093600000|  0%| F|  |TAMS 0x0000000093500000| PB 0x0000000093500000| Untracked 
| 310|0x0000000093600000, 0x0000000093600000, 0x0000000093700000|  0%| F|  |TAMS 0x0000000093600000| PB 0x0000000093600000| Untracked 
| 311|0x0000000093700000, 0x0000000093700000, 0x0000000093800000|  0%| F|  |TAMS 0x0000000093700000| PB 0x0000000093700000| Untracked 
| 312|0x0000000093800000, 0x0000000093800000, 0x0000000093900000|  0%| F|  |TAMS 0x0000000093800000| PB 0x0000000093800000| Untracked 
| 313|0x0000000093900000, 0x0000000093900000, 0x0000000093a00000|  0%| F|  |TAMS 0x0000000093900000| PB 0x0000000093900000| Untracked 
| 314|0x0000000093a00000, 0x0000000093a00000, 0x0000000093b00000|  0%| F|  |TAMS 0x0000000093a00000| PB 0x0000000093a00000| Untracked 
| 315|0x0000000093b00000, 0x0000000093b00000, 0x0000000093c00000|  0%| F|  |TAMS 0x0000000093b00000| PB 0x0000000093b00000| Untracked 
| 316|0x0000000093c00000, 0x0000000093c00000, 0x0000000093d00000|  0%| F|  |TAMS 0x0000000093c00000| PB 0x0000000093c00000| Untracked 
| 317|0x0000000093d00000, 0x0000000093d00000, 0x0000000093e00000|  0%| F|  |TAMS 0x0000000093d00000| PB 0x0000000093d00000| Untracked 
| 318|0x0000000093e00000, 0x0000000093e00000, 0x0000000093f00000|  0%| F|  |TAMS 0x0000000093e00000| PB 0x0000000093e00000| Untracked 
| 319|0x0000000093f00000, 0x0000000093f00000, 0x0000000094000000|  0%| F|  |TAMS 0x0000000093f00000| PB 0x0000000093f00000| Untracked 
| 320|0x0000000094000000, 0x0000000094000000, 0x0000000094100000|  0%| F|  |TAMS 0x0000000094000000| PB 0x0000000094000000| Untracked 
| 321|0x0000000094100000, 0x0000000094100000, 0x0000000094200000|  0%| F|  |TAMS 0x0000000094100000| PB 0x0000000094100000| Untracked 
| 322|0x0000000094200000, 0x0000000094200000, 0x0000000094300000|  0%| F|  |TAMS 0x0000000094200000| PB 0x0000000094200000| Untracked 
| 323|0x0000000094300000, 0x0000000094300000, 0x0000000094400000|  0%| F|  |TAMS 0x0000000094300000| PB 0x0000000094300000| Untracked 
| 324|0x0000000094400000, 0x0000000094400000, 0x0000000094500000|  0%| F|  |TAMS 0x0000000094400000| PB 0x0000000094400000| Untracked 
| 325|0x0000000094500000, 0x0000000094500000, 0x0000000094600000|  0%| F|  |TAMS 0x0000000094500000| PB 0x0000000094500000| Untracked 
| 326|0x0000000094600000, 0x0000000094600000, 0x0000000094700000|  0%| F|  |TAMS 0x0000000094600000| PB 0x0000000094600000| Untracked 
| 327|0x0000000094700000, 0x0000000094700000, 0x0000000094800000|  0%| F|  |TAMS 0x0000000094700000| PB 0x0000000094700000| Untracked 
| 328|0x0000000094800000, 0x0000000094800000, 0x0000000094900000|  0%| F|  |TAMS 0x0000000094800000| PB 0x0000000094800000| Untracked 
| 329|0x0000000094900000, 0x0000000094900000, 0x0000000094a00000|  0%| F|  |TAMS 0x0000000094900000| PB 0x0000000094900000| Untracked 
| 330|0x0000000094a00000, 0x0000000094a00000, 0x0000000094b00000|  0%| F|  |TAMS 0x0000000094a00000| PB 0x0000000094a00000| Untracked 
| 331|0x0000000094b00000, 0x0000000094b00000, 0x0000000094c00000|  0%| F|  |TAMS 0x0000000094b00000| PB 0x0000000094b00000| Untracked 
| 332|0x0000000094c00000, 0x0000000094c00000, 0x0000000094d00000|  0%| F|  |TAMS 0x0000000094c00000| PB 0x0000000094c00000| Untracked 
| 333|0x0000000094d00000, 0x0000000094d00000, 0x0000000094e00000|  0%| F|  |TAMS 0x0000000094d00000| PB 0x0000000094d00000| Untracked 
| 334|0x0000000094e00000, 0x0000000094e00000, 0x0000000094f00000|  0%| F|  |TAMS 0x0000000094e00000| PB 0x0000000094e00000| Untracked 
| 335|0x0000000094f00000, 0x0000000094f00000, 0x0000000095000000|  0%| F|  |TAMS 0x0000000094f00000| PB 0x0000000094f00000| Untracked 
| 336|0x0000000095000000, 0x0000000095000000, 0x0000000095100000|  0%| F|  |TAMS 0x0000000095000000| PB 0x0000000095000000| Untracked 
| 337|0x0000000095100000, 0x0000000095100000, 0x0000000095200000|  0%| F|  |TAMS 0x0000000095100000| PB 0x0000000095100000| Untracked 
| 338|0x0000000095200000, 0x0000000095200000, 0x0000000095300000|  0%| F|  |TAMS 0x0000000095200000| PB 0x0000000095200000| Untracked 
| 339|0x0000000095300000, 0x0000000095300000, 0x0000000095400000|  0%| F|  |TAMS 0x0000000095300000| PB 0x0000000095300000| Untracked 
| 340|0x0000000095400000, 0x0000000095400000, 0x0000000095500000|  0%| F|  |TAMS 0x0000000095400000| PB 0x0000000095400000| Untracked 
| 341|0x0000000095500000, 0x0000000095500000, 0x0000000095600000|  0%| F|  |TAMS 0x0000000095500000| PB 0x0000000095500000| Untracked 
| 342|0x0000000095600000, 0x0000000095600000, 0x0000000095700000|  0%| F|  |TAMS 0x0000000095600000| PB 0x0000000095600000| Untracked 
| 343|0x0000000095700000, 0x0000000095700000, 0x0000000095800000|  0%| F|  |TAMS 0x0000000095700000| PB 0x0000000095700000| Untracked 
| 344|0x0000000095800000, 0x0000000095800000, 0x0000000095900000|  0%| F|  |TAMS 0x0000000095800000| PB 0x0000000095800000| Untracked 
| 345|0x0000000095900000, 0x0000000095900000, 0x0000000095a00000|  0%| F|  |TAMS 0x0000000095900000| PB 0x0000000095900000| Untracked 
| 346|0x0000000095a00000, 0x0000000095a00000, 0x0000000095b00000|  0%| F|  |TAMS 0x0000000095a00000| PB 0x0000000095a00000| Untracked 
| 347|0x0000000095b00000, 0x0000000095b00000, 0x0000000095c00000|  0%| F|  |TAMS 0x0000000095b00000| PB 0x0000000095b00000| Untracked 
| 348|0x0000000095c00000, 0x0000000095c00000, 0x0000000095d00000|  0%| F|  |TAMS 0x0000000095c00000| PB 0x0000000095c00000| Untracked 
| 349|0x0000000095d00000, 0x0000000095d00000, 0x0000000095e00000|  0%| F|  |TAMS 0x0000000095d00000| PB 0x0000000095d00000| Untracked 
| 350|0x0000000095e00000, 0x0000000095f00000, 0x0000000095f00000|100%| S|CS|TAMS 0x0000000095e00000| PB 0x0000000095e00000| Complete 
| 351|0x0000000095f00000, 0x0000000096000000, 0x0000000096000000|100%| S|CS|TAMS 0x0000000095f00000| PB 0x0000000095f00000| Complete 
| 352|0x0000000096000000, 0x0000000096100000, 0x0000000096100000|100%| S|CS|TAMS 0x0000000096000000| PB 0x0000000096000000| Complete 
| 353|0x0000000096100000, 0x0000000096200000, 0x0000000096200000|100%| S|CS|TAMS 0x0000000096100000| PB 0x0000000096100000| Complete 
| 354|0x0000000096200000, 0x0000000096300000, 0x0000000096300000|100%| S|CS|TAMS 0x0000000096200000| PB 0x0000000096200000| Complete 
| 355|0x0000000096300000, 0x0000000096400000, 0x0000000096400000|100%| S|CS|TAMS 0x0000000096300000| PB 0x0000000096300000| Complete 
| 356|0x0000000096400000, 0x0000000096500000, 0x0000000096500000|100%| S|CS|TAMS 0x0000000096400000| PB 0x0000000096400000| Complete 
| 357|0x0000000096500000, 0x0000000096600000, 0x0000000096600000|100%| S|CS|TAMS 0x0000000096500000| PB 0x0000000096500000| Complete 
| 358|0x0000000096600000, 0x0000000096700000, 0x0000000096700000|100%| S|CS|TAMS 0x0000000096600000| PB 0x0000000096600000| Complete 
| 359|0x0000000096700000, 0x0000000096800000, 0x0000000096800000|100%| S|CS|TAMS 0x0000000096700000| PB 0x0000000096700000| Complete 
| 360|0x0000000096800000, 0x0000000096900000, 0x0000000096900000|100%| S|CS|TAMS 0x0000000096800000| PB 0x0000000096800000| Complete 
| 361|0x0000000096900000, 0x0000000096900000, 0x0000000096a00000|  0%| F|  |TAMS 0x0000000096900000| PB 0x0000000096900000| Untracked 
| 362|0x0000000096a00000, 0x0000000096a00000, 0x0000000096b00000|  0%| F|  |TAMS 0x0000000096a00000| PB 0x0000000096a00000| Untracked 
| 363|0x0000000096b00000, 0x0000000096b00000, 0x0000000096c00000|  0%| F|  |TAMS 0x0000000096b00000| PB 0x0000000096b00000| Untracked 
| 364|0x0000000096c00000, 0x0000000096c00000, 0x0000000096d00000|  0%| F|  |TAMS 0x0000000096c00000| PB 0x0000000096c00000| Untracked 
| 365|0x0000000096d00000, 0x0000000096d00000, 0x0000000096e00000|  0%| F|  |TAMS 0x0000000096d00000| PB 0x0000000096d00000| Untracked 
| 366|0x0000000096e00000, 0x0000000096e00000, 0x0000000096f00000|  0%| F|  |TAMS 0x0000000096e00000| PB 0x0000000096e00000| Untracked 
| 367|0x0000000096f00000, 0x0000000096f00000, 0x0000000097000000|  0%| F|  |TAMS 0x0000000096f00000| PB 0x0000000096f00000| Untracked 
| 368|0x0000000097000000, 0x0000000097000000, 0x0000000097100000|  0%| F|  |TAMS 0x0000000097000000| PB 0x0000000097000000| Untracked 
| 369|0x0000000097100000, 0x0000000097100000, 0x0000000097200000|  0%| F|  |TAMS 0x0000000097100000| PB 0x0000000097100000| Untracked 
| 370|0x0000000097200000, 0x0000000097200000, 0x0000000097300000|  0%| F|  |TAMS 0x0000000097200000| PB 0x0000000097200000| Untracked 
| 371|0x0000000097300000, 0x0000000097300000, 0x0000000097400000|  0%| F|  |TAMS 0x0000000097300000| PB 0x0000000097300000| Untracked 
| 372|0x0000000097400000, 0x0000000097400000, 0x0000000097500000|  0%| F|  |TAMS 0x0000000097400000| PB 0x0000000097400000| Untracked 
| 373|0x0000000097500000, 0x0000000097500000, 0x0000000097600000|  0%| F|  |TAMS 0x0000000097500000| PB 0x0000000097500000| Untracked 
| 374|0x0000000097600000, 0x0000000097600000, 0x0000000097700000|  0%| F|  |TAMS 0x0000000097600000| PB 0x0000000097600000| Untracked 
| 375|0x0000000097700000, 0x0000000097700000, 0x0000000097800000|  0%| F|  |TAMS 0x0000000097700000| PB 0x0000000097700000| Untracked 
| 376|0x0000000097800000, 0x0000000097800000, 0x0000000097900000|  0%| F|  |TAMS 0x0000000097800000| PB 0x0000000097800000| Untracked 
| 377|0x0000000097900000, 0x0000000097900000, 0x0000000097a00000|  0%| F|  |TAMS 0x0000000097900000| PB 0x0000000097900000| Untracked 
| 378|0x0000000097a00000, 0x0000000097a00000, 0x0000000097b00000|  0%| F|  |TAMS 0x0000000097a00000| PB 0x0000000097a00000| Untracked 
| 379|0x0000000097b00000, 0x0000000097b00000, 0x0000000097c00000|  0%| F|  |TAMS 0x0000000097b00000| PB 0x0000000097b00000| Untracked 
| 380|0x0000000097c00000, 0x0000000097c00000, 0x0000000097d00000|  0%| F|  |TAMS 0x0000000097c00000| PB 0x0000000097c00000| Untracked 
| 381|0x0000000097d00000, 0x0000000097d00000, 0x0000000097e00000|  0%| F|  |TAMS 0x0000000097d00000| PB 0x0000000097d00000| Untracked 
| 382|0x0000000097e00000, 0x0000000097e00000, 0x0000000097f00000|  0%| F|  |TAMS 0x0000000097e00000| PB 0x0000000097e00000| Untracked 
| 383|0x0000000097f00000, 0x0000000097f00000, 0x0000000098000000|  0%| F|  |TAMS 0x0000000097f00000| PB 0x0000000097f00000| Untracked 
| 384|0x0000000098000000, 0x0000000098000000, 0x0000000098100000|  0%| F|  |TAMS 0x0000000098000000| PB 0x0000000098000000| Untracked 
| 385|0x0000000098100000, 0x0000000098100000, 0x0000000098200000|  0%| F|  |TAMS 0x0000000098100000| PB 0x0000000098100000| Untracked 
| 386|0x0000000098200000, 0x0000000098200000, 0x0000000098300000|  0%| F|  |TAMS 0x0000000098200000| PB 0x0000000098200000| Untracked 
| 387|0x0000000098300000, 0x0000000098300000, 0x0000000098400000|  0%| F|  |TAMS 0x0000000098300000| PB 0x0000000098300000| Untracked 
| 388|0x0000000098400000, 0x0000000098400000, 0x0000000098500000|  0%| F|  |TAMS 0x0000000098400000| PB 0x0000000098400000| Untracked 
| 389|0x0000000098500000, 0x0000000098500000, 0x0000000098600000|  0%| F|  |TAMS 0x0000000098500000| PB 0x0000000098500000| Untracked 
| 390|0x0000000098600000, 0x0000000098600000, 0x0000000098700000|  0%| F|  |TAMS 0x0000000098600000| PB 0x0000000098600000| Untracked 
| 391|0x0000000098700000, 0x0000000098700000, 0x0000000098800000|  0%| F|  |TAMS 0x0000000098700000| PB 0x0000000098700000| Untracked 
| 392|0x0000000098800000, 0x0000000098800000, 0x0000000098900000|  0%| F|  |TAMS 0x0000000098800000| PB 0x0000000098800000| Untracked 
| 393|0x0000000098900000, 0x0000000098900000, 0x0000000098a00000|  0%| F|  |TAMS 0x0000000098900000| PB 0x0000000098900000| Untracked 
| 394|0x0000000098a00000, 0x0000000098a00000, 0x0000000098b00000|  0%| F|  |TAMS 0x0000000098a00000| PB 0x0000000098a00000| Untracked 
| 395|0x0000000098b00000, 0x0000000098b00000, 0x0000000098c00000|  0%| F|  |TAMS 0x0000000098b00000| PB 0x0000000098b00000| Untracked 
| 396|0x0000000098c00000, 0x0000000098c00000, 0x0000000098d00000|  0%| F|  |TAMS 0x0000000098c00000| PB 0x0000000098c00000| Untracked 
| 397|0x0000000098d00000, 0x0000000098d00000, 0x0000000098e00000|  0%| F|  |TAMS 0x0000000098d00000| PB 0x0000000098d00000| Untracked 
| 398|0x0000000098e00000, 0x0000000098e00000, 0x0000000098f00000|  0%| F|  |TAMS 0x0000000098e00000| PB 0x0000000098e00000| Untracked 
| 399|0x0000000098f00000, 0x0000000098f00000, 0x0000000099000000|  0%| F|  |TAMS 0x0000000098f00000| PB 0x0000000098f00000| Untracked 
| 400|0x0000000099000000, 0x0000000099000000, 0x0000000099100000|  0%| F|  |TAMS 0x0000000099000000| PB 0x0000000099000000| Untracked 
| 401|0x0000000099100000, 0x0000000099100000, 0x0000000099200000|  0%| F|  |TAMS 0x0000000099100000| PB 0x0000000099100000| Untracked 
| 402|0x0000000099200000, 0x0000000099200000, 0x0000000099300000|  0%| F|  |TAMS 0x0000000099200000| PB 0x0000000099200000| Untracked 
| 403|0x0000000099300000, 0x0000000099300000, 0x0000000099400000|  0%| F|  |TAMS 0x0000000099300000| PB 0x0000000099300000| Untracked 
| 404|0x0000000099400000, 0x0000000099400000, 0x0000000099500000|  0%| F|  |TAMS 0x0000000099400000| PB 0x0000000099400000| Untracked 
| 405|0x0000000099500000, 0x0000000099500000, 0x0000000099600000|  0%| F|  |TAMS 0x0000000099500000| PB 0x0000000099500000| Untracked 
| 406|0x0000000099600000, 0x0000000099600000, 0x0000000099700000|  0%| F|  |TAMS 0x0000000099600000| PB 0x0000000099600000| Untracked 
| 407|0x0000000099700000, 0x0000000099700000, 0x0000000099800000|  0%| F|  |TAMS 0x0000000099700000| PB 0x0000000099700000| Untracked 
| 408|0x0000000099800000, 0x0000000099800000, 0x0000000099900000|  0%| F|  |TAMS 0x0000000099800000| PB 0x0000000099800000| Untracked 
| 409|0x0000000099900000, 0x0000000099900000, 0x0000000099a00000|  0%| F|  |TAMS 0x0000000099900000| PB 0x0000000099900000| Untracked 
| 410|0x0000000099a00000, 0x0000000099a00000, 0x0000000099b00000|  0%| F|  |TAMS 0x0000000099a00000| PB 0x0000000099a00000| Untracked 
| 411|0x0000000099b00000, 0x0000000099b00000, 0x0000000099c00000|  0%| F|  |TAMS 0x0000000099b00000| PB 0x0000000099b00000| Untracked 
| 412|0x0000000099c00000, 0x0000000099c00000, 0x0000000099d00000|  0%| F|  |TAMS 0x0000000099c00000| PB 0x0000000099c00000| Untracked 
| 413|0x0000000099d00000, 0x0000000099d00000, 0x0000000099e00000|  0%| F|  |TAMS 0x0000000099d00000| PB 0x0000000099d00000| Untracked 
| 414|0x0000000099e00000, 0x0000000099e00000, 0x0000000099f00000|  0%| F|  |TAMS 0x0000000099e00000| PB 0x0000000099e00000| Untracked 
| 415|0x0000000099f00000, 0x0000000099f00000, 0x000000009a000000|  0%| F|  |TAMS 0x0000000099f00000| PB 0x0000000099f00000| Untracked 
| 416|0x000000009a000000, 0x000000009a003530, 0x000000009a100000|  1%| E|  |TAMS 0x000000009a000000| PB 0x000000009a000000| Complete 
| 417|0x000000009a100000, 0x000000009a200000, 0x000000009a200000|100%| E|CS|TAMS 0x000000009a100000| PB 0x000000009a100000| Complete 
| 418|0x000000009a200000, 0x000000009a300000, 0x000000009a300000|100%| E|CS|TAMS 0x000000009a200000| PB 0x000000009a200000| Complete 
| 419|0x000000009a300000, 0x000000009a400000, 0x000000009a400000|100%| E|CS|TAMS 0x000000009a300000| PB 0x000000009a300000| Complete 
|2024|0x00000000fe800000, 0x00000000fe900000, 0x00000000fe900000|100%| O|  |TAMS 0x00000000fe800000| PB 0x00000000fe800000| Untracked 
|2025|0x00000000fe900000, 0x00000000fea00000, 0x00000000fea00000|100%| O|  |TAMS 0x00000000fe900000| PB 0x00000000fe900000| Untracked 
|2026|0x00000000fea00000, 0x00000000feb00000, 0x00000000feb00000|100%| O|  |TAMS 0x00000000fea00000| PB 0x00000000fea00000| Untracked 
|2027|0x00000000feb00000, 0x00000000fec00000, 0x00000000fec00000|100%| O|  |TAMS 0x00000000feb00000| PB 0x00000000feb00000| Untracked 
|2028|0x00000000fec00000, 0x00000000fed00000, 0x00000000fed00000|100%| O|  |TAMS 0x00000000fec00000| PB 0x00000000fec00000| Untracked 
|2029|0x00000000fed00000, 0x00000000fee00000, 0x00000000fee00000|100%| O|  |TAMS 0x00000000fed00000| PB 0x00000000fed00000| Untracked 
|2030|0x00000000fee00000, 0x00000000fef00000, 0x00000000fef00000|100%| O|  |TAMS 0x00000000fee00000| PB 0x00000000fee00000| Untracked 
|2031|0x00000000fef00000, 0x00000000ff000000, 0x00000000ff000000|100%| O|  |TAMS 0x00000000fef00000| PB 0x00000000fef00000| Untracked 
|2032|0x00000000ff000000, 0x00000000ff100000, 0x00000000ff100000|100%| O|  |TAMS 0x00000000ff000000| PB 0x00000000ff000000| Untracked 
|2033|0x00000000ff100000, 0x00000000ff200000, 0x00000000ff200000|100%| O|  |TAMS 0x00000000ff100000| PB 0x00000000ff100000| Untracked 
|2034|0x00000000ff200000, 0x00000000ff300000, 0x00000000ff300000|100%| O|  |TAMS 0x00000000ff200000| PB 0x00000000ff200000| Untracked 
|2035|0x00000000ff300000, 0x00000000ff400000, 0x00000000ff400000|100%| E|CS|TAMS 0x00000000ff300000| PB 0x00000000ff300000| Complete 
|2036|0x00000000ff400000, 0x00000000ff500000, 0x00000000ff500000|100%| O|  |TAMS 0x00000000ff400000| PB 0x00000000ff400000| Untracked 
|2037|0x00000000ff500000, 0x00000000ff600000, 0x00000000ff600000|100%| O|  |TAMS 0x00000000ff500000| PB 0x00000000ff500000| Untracked 
|2038|0x00000000ff600000, 0x00000000ff700000, 0x00000000ff700000|100%| O|  |TAMS 0x00000000ff600000| PB 0x00000000ff600000| Untracked 
|2039|0x00000000ff700000, 0x00000000ff800000, 0x00000000ff800000|100%| O|  |TAMS 0x00000000ff700000| PB 0x00000000ff700000| Untracked 
|2040|0x00000000ff800000, 0x00000000ff900000, 0x00000000ff900000|100%| E|CS|TAMS 0x00000000ff800000| PB 0x00000000ff800000| Complete 
|2041|0x00000000ff900000, 0x00000000ffa00000, 0x00000000ffa00000|100%| E|CS|TAMS 0x00000000ff900000| PB 0x00000000ff900000| Complete 
|2042|0x00000000ffa00000, 0x00000000ffb00000, 0x00000000ffb00000|100%| O|  |TAMS 0x00000000ffa00000| PB 0x00000000ffa00000| Untracked 
|2043|0x00000000ffb00000, 0x00000000ffc00000, 0x00000000ffc00000|100%| E|CS|TAMS 0x00000000ffb00000| PB 0x00000000ffb00000| Complete 
|2044|0x00000000ffc00000, 0x00000000ffd00000, 0x00000000ffd00000|100%| E|CS|TAMS 0x00000000ffc00000| PB 0x00000000ffc00000| Complete 
|2045|0x00000000ffd00000, 0x00000000ffe00000, 0x00000000ffe00000|100%| E|CS|TAMS 0x00000000ffd00000| PB 0x00000000ffd00000| Complete 
|2046|0x00000000ffe00000, 0x00000000fff00000, 0x00000000fff00000|100%| O|  |TAMS 0x00000000ffe00000| PB 0x00000000ffe00000| Untracked 
|2047|0x00000000fff00000, 0x0000000100000000, 0x0000000100000000|100%| O|  |TAMS 0x00000000fff00000| PB 0x00000000fff00000| Untracked 

Card table byte_map: [0x0000019426ba0000,0x0000019426fa0000] _byte_map_base: 0x00000194267a0000

Marking Bits: (CMBitMap*) 0x000001941307aef0
 Bits: [0x0000019426fa0000, 0x0000019428fa0000)

Polling page: 0x0000019410e30000

Metaspace:

Usage:
  Non-class:    101.54 MB used.
      Class:     16.69 MB used.
       Both:    118.23 MB used.

Virtual space:
  Non-class space:      128.00 MB reserved,     103.00 MB ( 80%) committed,  2 nodes.
      Class space:      416.00 MB reserved,      18.00 MB (  4%) committed,  1 nodes.
             Both:      544.00 MB reserved,     121.00 MB ( 22%) committed. 

Chunk freelists:
   Non-Class:  8.86 MB
       Class:  13.90 MB
        Both:  22.76 MB

MaxMetaspaceSize: 512.00 MB
CompressedClassSpaceSize: 416.00 MB
Initial GC threshold: 21.00 MB
Current GC threshold: 200.56 MB
CDS: on
 - commit_granule_bytes: 65536.
 - commit_granule_words: 8192.
 - virtual_space_node_default_size: 8388608.
 - enlarge_chunks_in_place: 1.
 - use_allocation_guard: 0.


Internal statistics:

num_allocs_failed_limit: 6.
num_arena_births: 4682.
num_arena_deaths: 0.
num_vsnodes_births: 3.
num_vsnodes_deaths: 0.
num_space_committed: 1936.
num_space_uncommitted: 0.
num_chunks_returned_to_freelist: 6.
num_chunks_taken_from_freelist: 10661.
num_chunk_merges: 6.
num_chunk_splits: 6906.
num_chunks_enlarged: 4339.
num_inconsistent_stats: 0.

CodeHeap 'non-profiled nmethods': size=128192Kb used=11589Kb max_used=11589Kb free=116602Kb
 bounds [0x000001941e4f0000, 0x000001941f050000, 0x0000019426220000]
CodeHeap 'profiled nmethods': size=128192Kb used=26800Kb max_used=26800Kb free=101391Kb
 bounds [0x0000019416220000, 0x0000019417c50000, 0x000001941df50000]
CodeHeap 'non-nmethods': size=5760Kb used=3063Kb max_used=3096Kb free=2696Kb
 bounds [0x000001941df50000, 0x000001941e270000, 0x000001941e4f0000]
CodeCache: size=262144Kb, used=41452Kb, max_used=41485Kb, free=220689Kb
 total_blobs=14846, nmethods=13795, adapters=954, full_count=0
Compilation: enabled, stopped_count=0, restarted_count=0

Compilation events (20 events):
Event: 67.355 Thread 0x000001942bc49590 18434       3       com.android.build.api.variant.impl.LibraryVariantImpl::getPackaging (8 bytes)
Event: 67.355 Thread 0x000001942bc49590 nmethod 18434 0x0000019417c49290 code [0x0000019417c49440, 0x0000019417c49710]
Event: 67.355 Thread 0x000001942bc49590 18435       3       com.android.build.api.variant.impl.LibraryVariantImpl_Decorated::getPackaging (40 bytes)
Event: 67.355 Thread 0x000001942bc49590 nmethod 18435 0x0000019417c49810 code [0x0000019417c49a40, 0x0000019417c4a210]
Event: 67.355 Thread 0x000001942bc49590 18436       1       com.android.build.gradle.internal.dsl.LibraryExtensionImpl$AgpDecorated::getNdkPath (5 bytes)
Event: 67.355 Thread 0x000001942bc49590 nmethod 18436 0x000001941f03d890 code [0x000001941f03da20, 0x000001941f03daf0]
Event: 67.373 Thread 0x000001942bc49590 18437       3       java.lang.invoke.BoundMethodHandle$Species_L::copyWith (7 bytes)
Event: 67.373 Thread 0x000001942bc49590 nmethod 18437 0x0000019416f7dc10 code [0x0000019416f7ddc0, 0x0000019416f7def8]
Event: 67.391 Thread 0x000001942bc49590 18438       3       java.util.Locale::equals (75 bytes)
Event: 67.391 Thread 0x000001942bc49590 nmethod 18438 0x0000019417c4a490 code [0x0000019417c4a6a0, 0x0000019417c4ade0]
Event: 67.420 Thread 0x000001942bc49590 18439       1       org.gradle.api.internal.artifacts.dependencies.AbstractModuleDependency::getArtifacts (5 bytes)
Event: 67.420 Thread 0x000001942bc49590 nmethod 18439 0x000001941f03db90 code [0x000001941f03dd20, 0x000001941f03dde8]
Event: 67.424 Thread 0x000001942bc49590 18440       3       org.gradle.api.reporting.internal.DefaultReportContainer_Decorated::getInstantiator (40 bytes)
Event: 67.424 Thread 0x000001942bc49590 nmethod 18440 0x0000019417c4af90 code [0x0000019417c4b160, 0x0000019417c4b4e0]
Event: 67.427 Thread 0x000001942bc49590 18441       3       java.lang.invoke.LambdaForm$MH/0x000001942dcc0000::invoke (42 bytes)
Event: 67.427 Thread 0x000001942bc49590 nmethod 18441 0x0000019417c4b610 code [0x0000019417c4b8a0, 0x0000019417c4c550]
Event: 67.429 Thread 0x000001942bc49590 18442 %     3       java.util.HashMap::valuesToArray @ 32 (81 bytes)
Event: 67.429 Thread 0x000001942bc49590 nmethod 18442% 0x0000019417c4c990 code [0x0000019417c4cb60, 0x0000019417c4d0f8]
Event: 67.515 Thread 0x000001942bc49590 18443       3       java.util.concurrent.ThreadPoolExecutor::isShutdown (12 bytes)
Event: 67.516 Thread 0x000001942bc49590 nmethod 18443 0x0000019417c4d310 code [0x0000019417c4d4c0, 0x0000019417c4d6a0]

GC Heap History (20 events):
Event: 50.695 GC heap before
{Heap before GC invocations=65 (full 0):
 garbage-first heap   total 304128K, used 278843K [0x0000000080000000, 0x0000000100000000)
  region size 1024K, 100 young (102400K), 8 survivors (8192K)
 Metaspace       used 108958K, committed 111552K, reserved 557056K
  class space    used 15520K, committed 16768K, reserved 425984K
}
Event: 50.701 GC heap after
{Heap after GC invocations=66 (full 0):
 garbage-first heap   total 304128K, used 186830K [0x0000000080000000, 0x0000000100000000)
  region size 1024K, 9 young (9216K), 9 survivors (9216K)
 Metaspace       used 108958K, committed 111552K, reserved 557056K
  class space    used 15520K, committed 16768K, reserved 425984K
}
Event: 55.476 GC heap before
{Heap before GC invocations=66 (full 0):
 garbage-first heap   total 304128K, used 291278K [0x0000000080000000, 0x0000000100000000)
  region size 1024K, 103 young (105472K), 9 survivors (9216K)
 Metaspace       used 109504K, committed 112128K, reserved 557056K
  class space    used 15588K, committed 16832K, reserved 425984K
}
Event: 55.492 GC heap after
{Heap after GC invocations=67 (full 0):
 garbage-first heap   total 315392K, used 204578K [0x0000000080000000, 0x0000000100000000)
  region size 1024K, 13 young (13312K), 13 survivors (13312K)
 Metaspace       used 109504K, committed 112128K, reserved 557056K
  class space    used 15588K, committed 16832K, reserved 425984K
}
Event: 57.864 GC heap before
{Heap before GC invocations=67 (full 0):
 garbage-first heap   total 315392K, used 289570K [0x0000000080000000, 0x0000000100000000)
  region size 1024K, 97 young (99328K), 13 survivors (13312K)
 Metaspace       used 109616K, committed 112256K, reserved 557056K
  class space    used 15600K, committed 16832K, reserved 425984K
}
Event: 57.873 GC heap after
{Heap after GC invocations=68 (full 0):
 garbage-first heap   total 315392K, used 210929K [0x0000000080000000, 0x0000000100000000)
  region size 1024K, 8 young (8192K), 8 survivors (8192K)
 Metaspace       used 109616K, committed 112256K, reserved 557056K
  class space    used 15600K, committed 16832K, reserved 425984K
}
Event: 59.628 GC heap before
{Heap before GC invocations=69 (full 0):
 garbage-first heap   total 352256K, used 292849K [0x0000000080000000, 0x0000000100000000)
  region size 1024K, 88 young (90112K), 8 survivors (8192K)
 Metaspace       used 109617K, committed 112256K, reserved 557056K
  class space    used 15600K, committed 16832K, reserved 425984K
}
Event: 59.634 GC heap after
{Heap after GC invocations=70 (full 0):
 garbage-first heap   total 352256K, used 212543K [0x0000000080000000, 0x0000000100000000)
  region size 1024K, 5 young (5120K), 5 survivors (5120K)
 Metaspace       used 109617K, committed 112256K, reserved 557056K
  class space    used 15600K, committed 16832K, reserved 425984K
}
Event: 61.692 GC heap before
{Heap before GC invocations=70 (full 0):
 garbage-first heap   total 352256K, used 325183K [0x0000000080000000, 0x0000000100000000)
  region size 1024K, 115 young (117760K), 5 survivors (5120K)
 Metaspace       used 109829K, committed 112576K, reserved 557056K
  class space    used 15620K, committed 16896K, reserved 425984K
}
Event: 61.701 GC heap after
{Heap after GC invocations=71 (full 0):
 garbage-first heap   total 352256K, used 216037K [0x0000000080000000, 0x0000000100000000)
  region size 1024K, 10 young (10240K), 10 survivors (10240K)
 Metaspace       used 109829K, committed 112576K, reserved 557056K
  class space    used 15620K, committed 16896K, reserved 425984K
}
Event: 63.410 GC heap before
{Heap before GC invocations=71 (full 0):
 garbage-first heap   total 352256K, used 301029K [0x0000000080000000, 0x0000000100000000)
  region size 1024K, 95 young (97280K), 10 survivors (10240K)
 Metaspace       used 109870K, committed 112576K, reserved 557056K
  class space    used 15626K, committed 16896K, reserved 425984K
}
Event: 63.421 GC heap after
{Heap after GC invocations=72 (full 0):
 garbage-first heap   total 352256K, used 218682K [0x0000000080000000, 0x0000000100000000)
  region size 1024K, 6 young (6144K), 6 survivors (6144K)
 Metaspace       used 109870K, committed 112576K, reserved 557056K
  class space    used 15626K, committed 16896K, reserved 425984K
}
Event: 65.341 GC heap before
{Heap before GC invocations=73 (full 0):
 garbage-first heap   total 370688K, used 332346K [0x0000000080000000, 0x0000000100000000)
  region size 1024K, 113 young (115712K), 6 survivors (6144K)
 Metaspace       used 112900K, committed 115584K, reserved 557056K
  class space    used 16035K, committed 17280K, reserved 425984K
}
Event: 65.350 GC heap after
{Heap after GC invocations=74 (full 0):
 garbage-first heap   total 370688K, used 234724K [0x0000000080000000, 0x0000000100000000)
  region size 1024K, 15 young (15360K), 15 survivors (15360K)
 Metaspace       used 112900K, committed 115584K, reserved 557056K
  class space    used 16035K, committed 17280K, reserved 425984K
}
Event: 66.326 GC heap before
{Heap before GC invocations=74 (full 0):
 garbage-first heap   total 370688K, used 341220K [0x0000000080000000, 0x0000000100000000)
  region size 1024K, 119 young (121856K), 15 survivors (15360K)
 Metaspace       used 119281K, committed 122112K, reserved 557056K
  class space    used 16876K, committed 18176K, reserved 425984K
}
Event: 66.341 GC heap after
{Heap after GC invocations=75 (full 0):
 garbage-first heap   total 370688K, used 242764K [0x0000000080000000, 0x0000000100000000)
  region size 1024K, 9 young (9216K), 9 survivors (9216K)
 Metaspace       used 119281K, committed 122112K, reserved 557056K
  class space    used 16876K, committed 18176K, reserved 425984K
}
Event: 66.810 GC heap before
{Heap before GC invocations=75 (full 0):
 garbage-first heap   total 370688K, used 343116K [0x0000000080000000, 0x0000000100000000)
  region size 1024K, 107 young (109568K), 9 survivors (9216K)
 Metaspace       used 120187K, committed 123008K, reserved 557056K
  class space    used 16976K, committed 18304K, reserved 425984K
}
Event: 66.830 GC heap after
{Heap after GC invocations=76 (full 0):
 garbage-first heap   total 381952K, used 272151K [0x0000000080000000, 0x0000000100000000)
  region size 1024K, 14 young (14336K), 14 survivors (14336K)
 Metaspace       used 120187K, committed 123008K, reserved 557056K
  class space    used 16976K, committed 18304K, reserved 425984K
}
Event: 67.327 GC heap before
{Heap before GC invocations=77 (full 0):
 garbage-first heap   total 454656K, used 345879K [0x0000000080000000, 0x0000000100000000)
  region size 1024K, 86 young (88064K), 14 survivors (14336K)
 Metaspace       used 120549K, committed 123392K, reserved 557056K
  class space    used 17005K, committed 18368K, reserved 425984K
}
Event: 67.345 GC heap after
{Heap after GC invocations=78 (full 0):
 garbage-first heap   total 454656K, used 297370K [0x0000000080000000, 0x0000000100000000)
  region size 1024K, 11 young (11264K), 11 survivors (11264K)
 Metaspace       used 120549K, committed 123392K, reserved 557056K
  class space    used 17005K, committed 18368K, reserved 425984K
}

Dll operation events (14 events):
Event: 0.011 Loaded shared library C:\Users\Vert\.antigravity\extensions\redhat.java-1.54.0-win32-x64\jre\21.0.10-win32-x86_64\bin\java.dll
Event: 0.059 Loaded shared library C:\Users\Vert\.antigravity\extensions\redhat.java-1.54.0-win32-x64\jre\21.0.10-win32-x86_64\bin\zip.dll
Event: 0.073 Loaded shared library C:\Users\Vert\.antigravity\extensions\redhat.java-1.54.0-win32-x64\jre\21.0.10-win32-x86_64\bin\instrument.dll
Event: 0.076 Loaded shared library C:\Users\Vert\.antigravity\extensions\redhat.java-1.54.0-win32-x64\jre\21.0.10-win32-x86_64\bin\net.dll
Event: 0.078 Loaded shared library C:\Users\Vert\.antigravity\extensions\redhat.java-1.54.0-win32-x64\jre\21.0.10-win32-x86_64\bin\nio.dll
Event: 0.080 Loaded shared library C:\Users\Vert\.antigravity\extensions\redhat.java-1.54.0-win32-x64\jre\21.0.10-win32-x86_64\bin\zip.dll
Event: 0.271 Loaded shared library C:\Users\Vert\.antigravity\extensions\redhat.java-1.54.0-win32-x64\jre\21.0.10-win32-x86_64\bin\jimage.dll
Event: 0.402 Loaded shared library C:\Users\Vert\.antigravity\extensions\redhat.java-1.54.0-win32-x64\jre\21.0.10-win32-x86_64\bin\verify.dll
Event: 0.489 Loaded shared library C:\Users\Vert\.gradle\native\1def1411415f61bf3af743bc5b6707747c0891f09f0c88961ee8f79bc544acac\windows-amd64\native-platform.dll
Event: 0.501 Loaded shared library C:\Users\Vert\.gradle\native\0.2.7\x86_64-windows-gnu\gradle-fileevents.dll
Event: 1.471 Loaded shared library C:\Users\Vert\.antigravity\extensions\redhat.java-1.54.0-win32-x64\jre\21.0.10-win32-x86_64\bin\management.dll
Event: 1.475 Loaded shared library C:\Users\Vert\.antigravity\extensions\redhat.java-1.54.0-win32-x64\jre\21.0.10-win32-x86_64\bin\management_ext.dll
Event: 1.583 Loaded shared library C:\Users\Vert\.antigravity\extensions\redhat.java-1.54.0-win32-x64\jre\21.0.10-win32-x86_64\bin\extnet.dll
Event: 1.872 Loaded shared library C:\Users\Vert\.antigravity\extensions\redhat.java-1.54.0-win32-x64\jre\21.0.10-win32-x86_64\bin\sunmscapi.dll

Deoptimization events (20 events):
Event: 67.246 Thread 0x000001944cd966f0 Uncommon trap: trap_request=0xffffffbe fr.pc=0x000001941f02b028 relative=0x0000000000000288
Event: 67.246 Thread 0x000001944cd966f0 Uncommon trap: reason=profile_predicate action=maybe_recompile pc=0x000001941f02b028 method=java.util.HashMap.keysToArray([Ljava/lang/Object;)[Ljava/lang/Object; @ 36 c2
Event: 67.246 Thread 0x000001944cd966f0 DEOPT PACKING pc=0x000001941f02b028 sp=0x0000000b42cfa690
Event: 67.246 Thread 0x000001944cd966f0 DEOPT UNPACKING pc=0x000001941dfa7ba2 sp=0x0000000b42cfa630 mode 2
Event: 67.360 Thread 0x000001944cd966f0 Uncommon trap: trap_request=0xffffffc6 fr.pc=0x000001941ef99fe0 relative=0x00000000000001e0
Event: 67.360 Thread 0x000001944cd966f0 Uncommon trap: reason=bimorphic_or_optimized_type_check action=maybe_recompile pc=0x000001941ef99fe0 method=org.gradle.internal.ImmutableActionSet.add(Lorg/gradle/api/Action;)Lorg/gradle/internal/ImmutableActionSet; @ 62 c2
Event: 67.360 Thread 0x000001944cd966f0 DEOPT PACKING pc=0x000001941ef99fe0 sp=0x0000000b42cfb600
Event: 67.360 Thread 0x000001944cd966f0 DEOPT UNPACKING pc=0x000001941dfa7ba2 sp=0x0000000b42cfb528 mode 2
Event: 67.395 Thread 0x000001944cd966f0 Uncommon trap: trap_request=0xffffff45 fr.pc=0x000001941eb80bfc relative=0x00000000000008bc
Event: 67.395 Thread 0x000001944cd966f0 Uncommon trap: reason=unstable_if action=reinterpret pc=0x000001941eb80bfc method=java.lang.AbstractStringBuilder.appendChars(Ljava/lang/String;II)V @ 149 c2
Event: 67.395 Thread 0x000001944cd966f0 DEOPT PACKING pc=0x000001941eb80bfc sp=0x0000000b42cf9ff0
Event: 67.395 Thread 0x000001944cd966f0 DEOPT UNPACKING pc=0x000001941dfa7ba2 sp=0x0000000b42cf9f40 mode 2
Event: 67.423 Thread 0x000001944cd966f0 Uncommon trap: trap_request=0xffffffc6 fr.pc=0x000001941ef99fe0 relative=0x00000000000001e0
Event: 67.423 Thread 0x000001944cd966f0 Uncommon trap: reason=bimorphic_or_optimized_type_check action=maybe_recompile pc=0x000001941ef99fe0 method=org.gradle.internal.ImmutableActionSet.add(Lorg/gradle/api/Action;)Lorg/gradle/internal/ImmutableActionSet; @ 62 c2
Event: 67.423 Thread 0x000001944cd966f0 DEOPT PACKING pc=0x000001941ef99fe0 sp=0x0000000b42cfb600
Event: 67.423 Thread 0x000001944cd966f0 DEOPT UNPACKING pc=0x000001941dfa7ba2 sp=0x0000000b42cfb528 mode 2
Event: 67.424 Thread 0x000001944cd966f0 Uncommon trap: trap_request=0xffffffc6 fr.pc=0x000001941ef9ca50 relative=0x0000000000000170
Event: 67.424 Thread 0x000001944cd966f0 Uncommon trap: reason=bimorphic_or_optimized_type_check action=maybe_recompile pc=0x000001941ef9ca50 method=org.gradle.internal.ImmutableActionSet.add(Lorg/gradle/api/Action;)Lorg/gradle/internal/ImmutableActionSet; @ 62 c2
Event: 67.424 Thread 0x000001944cd966f0 DEOPT PACKING pc=0x000001941ef9ca50 sp=0x0000000b42cfb580
Event: 67.424 Thread 0x000001944cd966f0 DEOPT UNPACKING pc=0x000001941dfa7ba2 sp=0x0000000b42cfb520 mode 2

Classes loaded (20 events):
Event: 66.062 Loading class java/net/URL$1
Event: 66.062 Loading class java/net/URL$1 done
Event: 66.062 Loading class java/net/spi/URLStreamHandlerProvider
Event: 66.062 Loading class java/net/spi/URLStreamHandlerProvider done
Event: 66.069 Loading class sun/net/www/protocol/http/Handler
Event: 66.070 Loading class sun/net/www/protocol/http/Handler done
Event: 66.073 Loading class javax/crypto/JceSecurity$WeakIdentityWrapper
Event: 66.073 Loading class javax/crypto/JceSecurity$WeakIdentityWrapper done
Event: 66.073 Loading class javax/crypto/JceSecurity$2
Event: 66.074 Loading class javax/crypto/JceSecurity$2 done
Event: 66.074 Loading class javax/crypto/JceSecurity$3
Event: 66.074 Loading class javax/crypto/JceSecurity$3 done
Event: 66.074 Loading class javax/crypto/ProviderVerifier
Event: 66.077 Loading class javax/crypto/ProviderVerifier done
Event: 66.124 Loading class java/security/cert/CertificateEncodingException
Event: 66.125 Loading class java/security/cert/CertificateEncodingException done
Event: 67.391 Loading class java/text/MessageFormat
Event: 67.394 Loading class java/text/MessageFormat done
Event: 67.395 Loading class java/text/MessageFormat$Field
Event: 67.395 Loading class java/text/MessageFormat$Field done

Classes unloaded (0 events):
No events

Classes redefined (0 events):
No events

Internal exceptions (20 events):
Event: 65.091 Thread 0x000001944cd966f0 Implicit null exception at 0x000001941ec7636e to 0x000001941ec76d80
Event: 65.187 Thread 0x000001944cd966f0 Implicit null exception at 0x000001941ef196b7 to 0x000001941ef19944
Event: 65.201 Thread 0x000001944cd966f0 Implicit null exception at 0x000001941ef1b0f5 to 0x000001941ef1b90c
Event: 65.331 Thread 0x000001944cd966f0 Implicit null exception at 0x000001941ef2b0eb to 0x000001941ef2b368
Event: 66.025 Thread 0x000001944cd966f0 Exception <a 'sun/nio/fs/WindowsException'{0x0000000091537298}> (0x0000000091537298) 
thrown [s\src\hotspot\share\prims\jni.cpp, line 520]
Event: 66.721 Thread 0x000001944cd966f0 Exception <a 'java/lang/ClassNotFoundException'{0x0000000091530c60}: com/android/build/gradle/tasks/factory/AndroidUnitTest_DecoratedBeanInfo> (0x0000000091530c60) 
thrown [s\src\hotspot\share\classfile\systemDictionary.cpp, line 312]
Event: 66.721 Thread 0x000001944cd966f0 Exception <a 'java/lang/ClassNotFoundException'{0x000000009153d490}: com/android/build/gradle/tasks/factory/AndroidUnitTestBeanInfo> (0x000000009153d490) 
thrown [s\src\hotspot\share\classfile\systemDictionary.cpp, line 312]
Event: 66.721 Thread 0x000001944cd966f0 Exception <a 'java/lang/ClassNotFoundException'{0x000000009154a3f8}: org/gradle/api/tasks/testing/TestBeanInfo> (0x000000009154a3f8) 
thrown [s\src\hotspot\share\classfile\systemDictionary.cpp, line 312]
Event: 66.722 Thread 0x000001944cd966f0 Exception <a 'java/lang/ClassNotFoundException'{0x00000000915575d8}: org/gradle/api/tasks/testing/AbstractTestTaskBeanInfo> (0x00000000915575d8) 
thrown [s\src\hotspot\share\classfile\systemDictionary.cpp, line 312]
Event: 66.722 Thread 0x000001944cd966f0 Exception <a 'java/lang/ClassNotFoundException'{0x0000000091564978}: org/gradle/api/tasks/testing/AbstractTestTaskCustomizer> (0x0000000091564978) 
thrown [s\src\hotspot\share\classfile\systemDictionary.cpp, line 312]
Event: 66.722 Thread 0x000001944cd966f0 Exception <a 'java/lang/ClassNotFoundException'{0x000000009158ece0}: org/gradle/api/tasks/testing/TestCustomizer> (0x000000009158ece0) 
thrown [s\src\hotspot\share\classfile\systemDictionary.cpp, line 312]
Event: 66.725 Thread 0x000001944cd966f0 Exception <a 'java/lang/ClassNotFoundException'{0x0000000091423740}: com/android/build/gradle/tasks/factory/AndroidUnitTestCustomizer> (0x0000000091423740) 
thrown [s\src\hotspot\share\classfile\systemDictionary.cpp, line 312]
Event: 66.726 Thread 0x000001944cd966f0 Exception <a 'java/lang/ClassNotFoundException'{0x0000000091454120}: com/android/build/gradle/tasks/factory/AndroidUnitTest_DecoratedCustomizer> (0x0000000091454120) 
thrown [s\src\hotspot\share\classfile\systemDictionary.cpp, line 312]
Event: 66.730 Thread 0x000001944cd966f0 Exception <a 'java/lang/ClassNotFoundException'{0x0000000091379508}: org/gradle/api/internal/tasks/testing/logging/DefaultTestLoggingContainer_DecoratedBeanInfo> (0x0000000091379508) 
thrown [s\src\hotspot\share\classfile\systemDictionary.cpp, line 312]
Event: 66.730 Thread 0x000001944cd966f0 Exception <a 'java/lang/ClassNotFoundException'{0x0000000091388838}: org/gradle/api/internal/tasks/testing/logging/DefaultTestLoggingContainerBeanInfo> (0x0000000091388838) 
thrown [s\src\hotspot\share\classfile\systemDictionary.cpp, line 312]
Event: 66.730 Thread 0x000001944cd966f0 Exception <a 'java/lang/ClassNotFoundException'{0x0000000091397900}: org/gradle/api/internal/tasks/testing/logging/DefaultTestLoggingContainerCustomizer> (0x0000000091397900) 
thrown [s\src\hotspot\share\classfile\systemDictionary.cpp, line 312]
Event: 66.731 Thread 0x000001944cd966f0 Exception <a 'java/lang/ClassNotFoundException'{0x00000000913d0708}: org/gradle/api/internal/tasks/testing/logging/DefaultTestLoggingContainer_DecoratedCustomizer> (0x00000000913d0708) 
thrown [s\src\hotspot\share\classfile\systemDictionary.cpp, line 312]
Event: 66.745 Thread 0x000001944cd966f0 Exception <a 'java/lang/ClassNotFoundException'{0x00000000912753e0}: org/gradle/api/internal/tasks/DefaultTaskOutputsBeanInfo> (0x00000000912753e0) 
thrown [s\src\hotspot\share\classfile\systemDictionary.cpp, line 312]
Event: 66.746 Thread 0x000001944cd966f0 Exception <a 'java/lang/ClassNotFoundException'{0x0000000091280988}: org/gradle/api/internal/tasks/DefaultTaskOutputsCustomizer> (0x0000000091280988) 
thrown [s\src\hotspot\share\classfile\systemDictionary.cpp, line 312]
Event: 66.749 Thread 0x000001944cd966f0 Exception <a 'java/lang/NoSuchMethodError'{0x00000000912acb88}: 'java.lang.Object java.lang.invoke.DirectMethodHandle$Holder.invokeInterface(java.lang.Object, java.lang.Object, int)'> (0x00000000912acb88) 
thrown [s\src\hotspot\share\interpreter\linkResolver.cpp, line 773]

ZGC Phase Switch (0 events):
No events

VM Operations (20 events):
Event: 66.030 Executing non-safepoint VM operation: HandshakeAllThreads (Deoptimize)
Event: 66.031 Executing non-safepoint VM operation: HandshakeAllThreads (Deoptimize) done
Event: 66.064 Executing non-safepoint VM operation: HandshakeAllThreads (Deoptimize)
Event: 66.064 Executing non-safepoint VM operation: HandshakeAllThreads (Deoptimize) done
Event: 66.072 Executing non-safepoint VM operation: HandshakeAllThreads (Deoptimize)
Event: 66.072 Executing non-safepoint VM operation: HandshakeAllThreads (Deoptimize) done
Event: 66.165 Executing safepoint VM operation: ICBufferFull
Event: 66.165 Executing safepoint VM operation: ICBufferFull done
Event: 66.326 Executing safepoint VM operation: G1CollectForAllocation (G1 Evacuation Pause)
Event: 66.341 Executing safepoint VM operation: G1CollectForAllocation (G1 Evacuation Pause) done
Event: 66.469 Executing safepoint VM operation: ICBufferFull
Event: 66.469 Executing safepoint VM operation: ICBufferFull done
Event: 66.810 Executing safepoint VM operation: G1CollectForAllocation (G1 Evacuation Pause)
Event: 66.830 Executing safepoint VM operation: G1CollectForAllocation (G1 Evacuation Pause) done
Event: 66.945 Executing safepoint VM operation: G1PauseRemark
Event: 66.955 Executing safepoint VM operation: G1PauseRemark done
Event: 67.026 Executing safepoint VM operation: G1PauseCleanup
Event: 67.026 Executing safepoint VM operation: G1PauseCleanup done
Event: 67.327 Executing safepoint VM operation: G1CollectForAllocation (G1 Evacuation Pause)
Event: 67.345 Executing safepoint VM operation: G1CollectForAllocation (G1 Evacuation Pause) done

Memory protections (0 events):
No events

Nmethod flushes (20 events):
Event: 66.952 Thread 0x000001942bc094d0 flushing  nmethod 0x000001941789e390
Event: 66.952 Thread 0x000001942bc094d0 flushing  nmethod 0x00000194167b7210
Event: 66.952 Thread 0x000001942bc094d0 flushing  nmethod 0x0000019416fb5310
Event: 66.952 Thread 0x000001942bc094d0 flushing  nmethod 0x00000194164fb910
Event: 66.952 Thread 0x000001942bc094d0 flushing  nmethod 0x0000019416ebe410
Event: 66.952 Thread 0x000001942bc094d0 flushing  nmethod 0x0000019417153690
Event: 66.952 Thread 0x000001942bc094d0 flushing  nmethod 0x00000194171d9f90
Event: 66.952 Thread 0x000001942bc094d0 flushing  nmethod 0x000001941e923110
Event: 66.952 Thread 0x000001942bc094d0 flushing  nmethod 0x00000194162a0d90
Event: 66.952 Thread 0x000001942bc094d0 flushing  nmethod 0x0000019416383190
Event: 66.952 Thread 0x000001942bc094d0 flushing  nmethod 0x0000019416383a90
Event: 66.952 Thread 0x000001942bc094d0 flushing  nmethod 0x0000019416646e10
Event: 66.952 Thread 0x000001942bc094d0 flushing  nmethod 0x0000019416bfd910
Event: 66.952 Thread 0x000001942bc094d0 flushing  nmethod 0x0000019416d49810
Event: 66.952 Thread 0x000001942bc094d0 flushing  nmethod 0x0000019416f6d710
Event: 66.952 Thread 0x000001942bc094d0 flushing  nmethod 0x0000019416f76e90
Event: 66.952 Thread 0x000001942bc094d0 flushing  nmethod 0x0000019417012090
Event: 66.952 Thread 0x000001942bc094d0 flushing  nmethod 0x00000194172f3810
Event: 66.952 Thread 0x000001942bc094d0 flushing  nmethod 0x00000194178a0e90
Event: 66.952 Thread 0x000001942bc094d0 flushing  nmethod 0x00000194178a2490

Events (20 events):
Event: 24.710 Thread 0x000001944cd966f0 Thread added: 0x000001944f639ff0
Event: 24.765 Thread 0x000001944cd966f0 Thread added: 0x000001944f63a680
Event: 24.926 Thread 0x000001944cd966f0 Thread added: 0x000001944f637890
Event: 24.940 Thread 0x000001944cd966f0 Thread added: 0x0000019451261f10
Event: 25.074 Thread 0x000001944cd966f0 Thread added: 0x000001944fb0ac60
Event: 25.134 Thread 0x000001944cd966f0 Thread added: 0x000001944fb08b90
Event: 25.922 Thread 0x000001944cd966f0 Thread added: 0x000001944fb0a5d0
Event: 25.927 Thread 0x000001944cd966f0 Thread added: 0x000001944fb0b2f0
Event: 25.946 Thread 0x000001944cd966f0 Thread added: 0x000001944fb07e70
Event: 26.123 Thread 0x000001944d079db0 Thread exited: 0x000001944d079db0
Event: 28.437 Thread 0x000001944cd966f0 Thread added: 0x000001944fc86be0
Event: 28.486 Thread 0x000001944cd966f0 Thread added: 0x000001944fc851a0
Event: 28.753 Thread 0x000001944cd966f0 Thread added: 0x000001944fc85ec0
Event: 31.776 Thread 0x000001944cd966f0 Thread added: 0x000001944fc802e0
Event: 36.422 Thread 0x000001942bc49590 Thread added: 0x000001944d0774d0
Event: 36.777 Thread 0x000001944d0774d0 Thread exited: 0x000001944d0774d0
Event: 46.464 Thread 0x000001942bc49590 Thread added: 0x000001944d07ab50
Event: 47.098 Thread 0x000001944d07ab50 Thread exited: 0x000001944d07ab50
Event: 64.987 Thread 0x000001942bc3dc90 Thread added: 0x000001944d07b220
Event: 66.084 Thread 0x000001944d07b220 Thread exited: 0x000001944d07b220


Dynamic libraries:
0x00007ff6c5a60000 - 0x00007ff6c5a6e000 	C:\Users\Vert\.antigravity\extensions\redhat.java-1.54.0-win32-x64\jre\21.0.10-win32-x86_64\bin\java.exe
0x00007ffd4e520000 - 0x00007ffd4e787000 	C:\WINDOWS\SYSTEM32\ntdll.dll
0x00007ffd4da60000 - 0x00007ffd4db29000 	C:\WINDOWS\System32\KERNEL32.DLL
0x00007ffd4bb40000 - 0x00007ffd4bf37000 	C:\WINDOWS\System32\KERNELBASE.dll
0x00007ffd4b180000 - 0x00007ffd4b2cb000 	C:\WINDOWS\System32\ucrtbase.dll
0x00007ffd22140000 - 0x00007ffd22158000 	C:\Users\Vert\.antigravity\extensions\redhat.java-1.54.0-win32-x64\jre\21.0.10-win32-x86_64\bin\jli.dll
0x00007ffd224c0000 - 0x00007ffd224de000 	C:\Users\Vert\.antigravity\extensions\redhat.java-1.54.0-win32-x64\jre\21.0.10-win32-x86_64\bin\VCRUNTIME140.dll
0x00007ffd4ddf0000 - 0x00007ffd4dfb6000 	C:\WINDOWS\System32\USER32.dll
0x00007ffd4af50000 - 0x00007ffd4af77000 	C:\WINDOWS\System32\win32u.dll
0x00007ffd33fe0000 - 0x00007ffd34272000 	C:\WINDOWS\WinSxS\amd64_microsoft.windows.common-controls_6595b64144ccf1df_6.0.26100.8457_none_3e0b2faee331e92d\COMCTL32.dll
0x00007ffd4dbb0000 - 0x00007ffd4dbdb000 	C:\WINDOWS\System32\GDI32.dll
0x00007ffd4dbe0000 - 0x00007ffd4dc89000 	C:\WINDOWS\System32\msvcrt.dll
0x00007ffd4bf40000 - 0x00007ffd4c06c000 	C:\WINDOWS\System32\gdi32full.dll
0x00007ffd4c1f0000 - 0x00007ffd4c293000 	C:\WINDOWS\System32\msvcp_win.dll
0x00007ffd4ddb0000 - 0x00007ffd4dde2000 	C:\WINDOWS\System32\IMM32.DLL
0x00007ffd41220000 - 0x00007ffd4122c000 	C:\Users\Vert\.antigravity\extensions\redhat.java-1.54.0-win32-x64\jre\21.0.10-win32-x86_64\bin\vcruntime140_1.dll
0x00007ffd12c00000 - 0x00007ffd12c8d000 	C:\Users\Vert\.antigravity\extensions\redhat.java-1.54.0-win32-x64\jre\21.0.10-win32-x86_64\bin\msvcp140.dll
0x00007ffc801a0000 - 0x00007ffc80f41000 	C:\Users\Vert\.antigravity\extensions\redhat.java-1.54.0-win32-x64\jre\21.0.10-win32-x86_64\bin\server\jvm.dll
0x00007ffd4dfc0000 - 0x00007ffd4e076000 	C:\WINDOWS\System32\ADVAPI32.dll
0x00007ffd4d9b0000 - 0x00007ffd4da57000 	C:\WINDOWS\System32\sechost.dll
0x00007ffd4dc90000 - 0x00007ffd4dda8000 	C:\WINDOWS\System32\RPCRT4.dll
0x00007ffd4d190000 - 0x00007ffd4d210000 	C:\WINDOWS\System32\WS2_32.dll
0x00007ffd4adb0000 - 0x00007ffd4ae0e000 	C:\WINDOWS\SYSTEM32\POWRPROF.dll
0x00007ffd43470000 - 0x00007ffd4347b000 	C:\WINDOWS\SYSTEM32\VERSION.dll
0x00007ffd3fd50000 - 0x00007ffd3fd86000 	C:\WINDOWS\SYSTEM32\WINMM.dll
0x00007ffd4ad90000 - 0x00007ffd4ada4000 	C:\WINDOWS\SYSTEM32\UMPDC.dll
0x00007ffd49ca0000 - 0x00007ffd49cbb000 	C:\WINDOWS\SYSTEM32\kernel.appcore.dll
0x00007ffd41120000 - 0x00007ffd4112a000 	C:\Users\Vert\.antigravity\extensions\redhat.java-1.54.0-win32-x64\jre\21.0.10-win32-x86_64\bin\jimage.dll
0x00007ffd48da0000 - 0x00007ffd48fe2000 	C:\WINDOWS\SYSTEM32\DBGHELP.DLL
0x00007ffd4ce00000 - 0x00007ffd4d183000 	C:\WINDOWS\System32\combase.dll
0x00007ffd4cb30000 - 0x00007ffd4cc09000 	C:\WINDOWS\System32\OLEAUT32.dll
0x00007ffd21f40000 - 0x00007ffd21f7b000 	C:\WINDOWS\SYSTEM32\dbgcore.DLL
0x00007ffd4b0d0000 - 0x00007ffd4b178000 	C:\WINDOWS\System32\bcryptPrimitives.dll
0x00007ffd410b0000 - 0x00007ffd410bf000 	C:\Users\Vert\.antigravity\extensions\redhat.java-1.54.0-win32-x64\jre\21.0.10-win32-x86_64\bin\instrument.dll
0x00007ffd26390000 - 0x00007ffd263b0000 	C:\Users\Vert\.antigravity\extensions\redhat.java-1.54.0-win32-x64\jre\21.0.10-win32-x86_64\bin\java.dll
0x00007ffd4c2a0000 - 0x00007ffd4ca0e000 	C:\WINDOWS\System32\SHELL32.dll
0x00007ffd4b2d0000 - 0x00007ffd4bb3c000 	C:\WINDOWS\System32\windows.storage.dll
0x00007ffd4e270000 - 0x00007ffd4e366000 	C:\WINDOWS\System32\SHCORE.dll
0x00007ffd4e470000 - 0x00007ffd4e4d6000 	C:\WINDOWS\System32\shlwapi.dll
0x00007ffd4ae70000 - 0x00007ffd4ae99000 	C:\WINDOWS\SYSTEM32\profapi.dll
0x00007ffd224f0000 - 0x00007ffd22508000 	C:\Users\Vert\.antigravity\extensions\redhat.java-1.54.0-win32-x64\jre\21.0.10-win32-x86_64\bin\zip.dll
0x00007ffd40fe0000 - 0x00007ffd40ff0000 	C:\Users\Vert\.antigravity\extensions\redhat.java-1.54.0-win32-x64\jre\21.0.10-win32-x86_64\bin\net.dll
0x00007ffd45ef0000 - 0x00007ffd46019000 	C:\WINDOWS\SYSTEM32\WINHTTP.dll
0x00007ffd4a1f0000 - 0x00007ffd4a25c000 	C:\WINDOWS\system32\mswsock.dll
0x00007ffd22060000 - 0x00007ffd22076000 	C:\Users\Vert\.antigravity\extensions\redhat.java-1.54.0-win32-x64\jre\21.0.10-win32-x86_64\bin\nio.dll
0x00007ffd40330000 - 0x00007ffd40340000 	C:\Users\Vert\.antigravity\extensions\redhat.java-1.54.0-win32-x64\jre\21.0.10-win32-x86_64\bin\verify.dll
0x00007ffd40230000 - 0x00007ffd40257000 	C:\Users\Vert\.gradle\native\1def1411415f61bf3af743bc5b6707747c0891f09f0c88961ee8f79bc544acac\windows-amd64\native-platform.dll
0x00007ffd1aae0000 - 0x00007ffd1ab58000 	C:\Users\Vert\.gradle\native\0.2.7\x86_64-windows-gnu\gradle-fileevents.dll
0x00007ffd462b0000 - 0x00007ffd462ba000 	C:\Users\Vert\.antigravity\extensions\redhat.java-1.54.0-win32-x64\jre\21.0.10-win32-x86_64\bin\management.dll
0x00007ffd40800000 - 0x00007ffd4080c000 	C:\Users\Vert\.antigravity\extensions\redhat.java-1.54.0-win32-x64\jre\21.0.10-win32-x86_64\bin\management_ext.dll
0x00007ffd4cc10000 - 0x00007ffd4cc18000 	C:\WINDOWS\System32\PSAPI.DLL
0x00007ffd49740000 - 0x00007ffd49772000 	C:\WINDOWS\SYSTEM32\IPHLPAPI.DLL
0x00007ffd4cab0000 - 0x00007ffd4caba000 	C:\WINDOWS\System32\NSI.dll
0x00007ffd244a0000 - 0x00007ffd244a9000 	C:\Users\Vert\.antigravity\extensions\redhat.java-1.54.0-win32-x64\jre\21.0.10-win32-x86_64\bin\extnet.dll
0x00007ffd4a5f0000 - 0x00007ffd4a60b000 	C:\WINDOWS\SYSTEM32\CRYPTSP.dll
0x00007ffd49c00000 - 0x00007ffd49c39000 	C:\WINDOWS\system32\rsaenh.dll
0x00007ffd4a2a0000 - 0x00007ffd4a2d3000 	C:\WINDOWS\SYSTEM32\USERENV.dll
0x00007ffd4ae40000 - 0x00007ffd4ae6a000 	C:\WINDOWS\SYSTEM32\bcrypt.dll
0x00007ffd4a450000 - 0x00007ffd4a45c000 	C:\WINDOWS\SYSTEM32\CRYPTBASE.dll
0x00007ffd401a0000 - 0x00007ffd401ae000 	C:\Users\Vert\.antigravity\extensions\redhat.java-1.54.0-win32-x64\jre\21.0.10-win32-x86_64\bin\sunmscapi.dll
0x00007ffd4c070000 - 0x00007ffd4c1e8000 	C:\WINDOWS\System32\CRYPT32.dll
0x00007ffd4a750000 - 0x00007ffd4a780000 	C:\WINDOWS\SYSTEM32\ncrypt.dll
0x00007ffd4a700000 - 0x00007ffd4a73f000 	C:\WINDOWS\SYSTEM32\NTASN1.dll
0x00007ffcfafe0000 - 0x00007ffcfafe8000 	C:\WINDOWS\system32\wshunix.dll
0x00007ffcf36e0000 - 0x00007ffcf36f8000 	C:\WINDOWS\system32\napinsp.dll
0x00007ffd49780000 - 0x00007ffd498b2000 	C:\WINDOWS\SYSTEM32\DNSAPI.dll
0x00007ffcf3730000 - 0x00007ffcf3743000 	C:\WINDOWS\System32\winrnr.dll
0x00007ffcf3700000 - 0x00007ffcf3722000 	C:\WINDOWS\system32\nlansp_c.dll
0x00007ffd22b70000 - 0x00007ffd22b86000 	C:\WINDOWS\system32\wshbth.dll
0x00007ffd446a0000 - 0x00007ffd446ab000 	C:\Windows\System32\rasadhlp.dll
0x00007ffd480e0000 - 0x00007ffd48166000 	C:\WINDOWS\System32\fwpuclnt.dll

JVMTI agents:
C:\Users\Vert\.gradle\wrapper\dists\gradle-8.14-all\c2qonpi39x1mddn7hk5gh9iqj\gradle-8.14\lib\agents\gradle-instrumentation-agent-8.14.jar path:C:\Users\Vert\.antigravity\extensions\redhat.java-1.54.0-win32-x64\jre\21.0.10-win32-x86_64\bin\instrument.dll, loaded, initialized, instrumentlib options:none

dbghelp: loaded successfully - version: 4.0.5 - missing functions: none
symbol engine: initialized successfully - sym options: 0x614 - pdb path: .;C:\Users\Vert\.antigravity\extensions\redhat.java-1.54.0-win32-x64\jre\21.0.10-win32-x86_64\bin;C:\WINDOWS\SYSTEM32;C:\WINDOWS\WinSxS\amd64_microsoft.windows.common-controls_6595b64144ccf1df_6.0.26100.8457_none_3e0b2faee331e92d;C:\Users\Vert\.antigravity\extensions\redhat.java-1.54.0-win32-x64\jre\21.0.10-win32-x86_64\bin\server;C:\Users\Vert\.gradle\native\1def1411415f61bf3af743bc5b6707747c0891f09f0c88961ee8f79bc544acac\windows-amd64;C:\Users\Vert\.gradle\native\0.2.7\x86_64-windows-gnu

VM Arguments:
jvm_args: --add-opens=java.base/java.lang=ALL-UNNAMED --add-opens=java.base/java.lang.invoke=ALL-UNNAMED --add-opens=java.base/java.util=ALL-UNNAMED --add-opens=java.prefs/java.util.prefs=ALL-UNNAMED --add-exports=jdk.compiler/com.sun.tools.javac.api=ALL-UNNAMED --add-exports=jdk.compiler/com.sun.tools.javac.util=ALL-UNNAMED --add-opens=java.base/java.util=ALL-UNNAMED --add-opens=java.prefs/java.util.prefs=ALL-UNNAMED --add-opens=java.base/java.nio.charset=ALL-UNNAMED --add-opens=java.base/java.net=ALL-UNNAMED --add-opens=java.base/java.util.concurrent.atomic=ALL-UNNAMED --add-opens=java.xml/javax.xml.namespace=ALL-UNNAMED -XX:MaxMetaspaceSize=512m -XX:ReservedCodeCacheSize=256m -XX:+HeapDumpOnOutOfMemoryError -Xmx2048m -Dfile.encoding=UTF-8 -Duser.country=US -Duser.language=en -Duser.variant -javaagent:C:\Users\Vert\.gradle\wrapper\dists\gradle-8.14-all\c2qonpi39x1mddn7hk5gh9iqj\gradle-8.14\lib\agents\gradle-instrumentation-agent-8.14.jar 
java_command: org.gradle.launcher.daemon.bootstrap.GradleDaemon 8.14
java_class_path (initial): C:\Users\Vert\.gradle\wrapper\dists\gradle-8.14-all\c2qonpi39x1mddn7hk5gh9iqj\gradle-8.14\lib\gradle-daemon-main-8.14.jar
Launcher Type: SUN_STANDARD

[Global flags]
     intx CICompilerCount                          = 4                                         {product} {ergonomic}
   size_t CompressedClassSpaceSize                 = 436207616                                 {product} {ergonomic}
     uint ConcGCThreads                            = 3                                         {product} {ergonomic}
     uint G1ConcRefinementThreads                  = 10                                        {product} {ergonomic}
   size_t G1HeapRegionSize                         = 1048576                                   {product} {ergonomic}
    uintx GCDrainStackTargetSize                   = 64                                        {product} {ergonomic}
     bool HeapDumpOnOutOfMemoryError               = true                                   {manageable} {command line}
   size_t InitialHeapSize                          = 130023424                                 {product} {ergonomic}
   size_t MarkStackSize                            = 4194304                                   {product} {ergonomic}
   size_t MaxHeapSize                              = 2147483648                                {product} {command line}
   size_t MaxMetaspaceSize                         = 536870912                                 {product} {command line}
   size_t MaxNewSize                               = 1287651328                                {product} {ergonomic}
   size_t MinHeapDeltaBytes                        = 1048576                                   {product} {ergonomic}
   size_t MinHeapSize                              = 8388608                                   {product} {ergonomic}
    uintx NonNMethodCodeHeapSize                   = 5839372                                {pd product} {ergonomic}
    uintx NonProfiledCodeHeapSize                  = 131298042                              {pd product} {ergonomic}
    uintx ProfiledCodeHeapSize                     = 131298042                              {pd product} {ergonomic}
    uintx ReservedCodeCacheSize                    = 268435456                              {pd product} {command line}
     bool SegmentedCodeCache                       = true                                      {product} {ergonomic}
   size_t SoftMaxHeapSize                          = 2147483648                             {manageable} {ergonomic}
     bool UseCompressedOops                        = true                           {product lp64_product} {ergonomic}
     bool UseG1GC                                  = true                                      {product} {ergonomic}
     bool UseLargePagesIndividualAllocation        = false                                  {pd product} {ergonomic}

Logging:
Log output configuration:
 #0: stdout all=warning uptime,level,tags foldmultilines=false
 #1: stderr all=off uptime,level,tags foldmultilines=false

Release file:
JAVA_VERSION="21.0.10" 
MODULES="java.base java.compiler java.datatransfer java.xml java.prefs java.desktop java.instrument java.logging java.management java.security.sasl java.naming java.rmi java.management.rmi java.net.http java.scripting java.security.jgss java.transaction.xa java.sql java.sql.rowset java.xml.crypto java.se java.smartcardio jdk.accessibility jdk.internal.jvmstat jdk.attach jdk.charsets jdk.internal.opt jdk.zipfs jdk.compiler jdk.crypto.ec jdk.crypto.cryptoki jdk.crypto.mscapi jdk.dynalink jdk.internal.ed jdk.editpad jdk.hotspot.agent jdk.httpserver jdk.internal.le jdk.internal.vm.ci jdk.internal.vm.compiler jdk.internal.vm.compiler.management jdk.jartool jdk.javadoc jdk.jcmd jdk.management jdk.management.agent jdk.jconsole jdk.jdeps jdk.jdwp.agent jdk.jdi jdk.jfr jdk.jshell jdk.jsobject jdk.jstatd jdk.localedata jdk.management.jfr jdk.naming.dns jdk.naming.rmi jdk.net jdk.nio.mapmode jdk.random jdk.sctp jdk.security.auth jdk.security.jgss jdk.unsupported jdk.unsupported.desktop jdk.xml.dom" 

Environment Variables:
JAVA_HOME=C:\Program Files\Eclipse Adoptium\jdk-17
PATH=C:\Program Files (x86)\VMware\VMware Workstation\bin\;C:\WINDOWS\system32;C:\WINDOWS;C:\WINDOWS\System32\Wbem;C:\WINDOWS\System32\WindowsPowerShell\v1.0\;C:\WINDOWS\System32\OpenSSH\;D:\xammp\php;D:\xammp;C:\Program Files\Docker\Docker\resources\bin;C:\Program Files\Microsoft SQL Server\150\Tools\Binn\;C:\Program Files\Microsoft SQL Server\Client SDK\ODBC\170\Tools\Binn\;C:\Program Files\dotnet\;C:\Program Files (x86)\Windows Kits\10\Windows Performance Toolkit\;C:\Program Files\Git\cmd;c:\Users\Vert\AppData\Local\Programs\cursor\resources\app\codeBin;C:\Users\Vert\AppData\Local\Yarn\config\global\node_modules\.bin;C:\Users\Vert\AppData\Roaming\Composer\vendor\bin;C:\Users\Vert\AppData\Roaming\npm;D:\xammp\laragon\bin\composer;D:\xammp\laragon\bin\git\bin;D:\xammp\laragon\bin\git\cmd;D:\xammp\laragon\bin\git\mingw64\bin;D:\xammp\laragon\bin\git\usr\bin;D:\xammp\laragon\bin\mysql\mysql-8.4.3-winx64\bin;D:\xammp\laragon\bin\ngrok;D:\xammp\laragon\bin\nodejs\node-v22;D:\xammp\laragon\bin\php\php-8.3.30-Win32-vs16-x64;D:\xammp\laragon\bin\python\python-3.13;D:\xammp\laragon\bin\python\python-3.13\Scripts;D:\xammp\laragon\usr\bin;C:\Users\Vert\scoop\shims;C:\Users\Vert\AppData\Local\Programs\Eclipse Adoptium\jdk-17.0.16.8-hotspot\bin;C:\dev\flutter\bin;C:\Users\Vert\AppData\Local\pnpm;C:\Users\Vert\AppData\Local\Programs\Microsoft VS Code\bin;C:\Program Files\Eclipse Adoptium\jdk-17\bin;C:\Users\Vert\AppData\Local\Microsoft\WindowsApps;C:\Users\Vert\AppData\Local\Microsoft\WinGet\Links;C:\Users\Vert\AppData\Local\Programs\Antigravity\bin;C:\Users\Vert\AppData\Local\Pub\Cache\bin;C:\Users\Vert\AppData\Local\Programs\cursor\resources\app\bin;C:\Users\Vert\AppData\Local\Programs\Windsurf\bin
USERNAME=Vert
OS=Windows_NT
PROCESSOR_IDENTIFIER=Intel64 Family 6 Model 141 Stepping 1, GenuineIntel
TMP=C:\Users\Vert\AppData\Local\Temp
TEMP=C:\Users\Vert\AppData\Local\Temp




Periodic native trim disabled

---------------  S Y S T E M  ---------------

OS:
 Windows 11 , 64 bit Build 26100 (10.0.26100.8328)
OS uptime: 0 days 12:50 hours
Hyper-V role detected

CPU: total 12 (initial active 12) (6 cores per cpu, 2 threads per core) family 6 model 141 stepping 1 microcode 0x50, cx8, cmov, fxsr, ht, mmx, 3dnowpref, sse, sse2, sse3, ssse3, sse4.1, sse4.2, popcnt, lzcnt, tsc, tscinvbit, avx, avx2, aes, erms, clmul, bmi1, bmi2, adx, avx512f, avx512dq, avx512cd, avx512bw, avx512vl, sha, fma, vzeroupper, avx512_vpopcntdq, avx512_vpclmulqdq, avx512_vaes, avx512_vnni, clflush, clflushopt, clwb, avx512_vbmi2, avx512_vbmi, hv, rdtscp, rdpid, fsrm, gfni, avx512_bitalg, f16c, cet_ibt, cet_ss, avx512_ifma
Processor Information for the first 12 processors :
  Max Mhz: 2688, Current Mhz: 2688, Mhz Limit: 2688

Memory: 4k page, system-wide physical 7913M (589M free)
TotalPageFile size 32489M (AvailPageFile size 2M)
current process WorkingSet (physical memory assigned to process): 588M, peak: 588M
current process commit charge ("private bytes"): 825M, peak: 827M

vm_info: OpenJDK 64-Bit Server VM (21.0.10+7-LTS) for windows-amd64 JRE (21.0.10+7-LTS), built on 2026-01-20T00:00:00Z by "admin" with MS VC++ 17.12 (VS2022)

END.
